time_min,in_eclipse,mode,batt_voltage_V,batt_current_A,batt_temp_C,craft_temp_C,solar_current_A,wheel_speed_rpm,pointing_error_deg,comm_link
0,False,NOMINAL,8.302,0.347,14.97,19.92,0.9,1979.4,1.89,False
1,False,NOMINAL,8.295,0.331,15.25,19.63,0.906,2009.7,1.45,False
2,False,NOMINAL,8.299,0.352,15.22,20.16,0.895,1973.9,1.55,False
3,False,NOMINAL,8.299,0.359,15.09,19.99,0.882,1992.2,2.1,False
4,False,NOMINAL,8.302,0.322,15.03,20.03,0.891,2001.2,1.52,False
5,False,NOMINAL,8.304,0.334,14.85,20.1,0.88,2019.3,0.83,False
6,False,NOMINAL,8.295,0.331,15.08,20.22,0.901,1994.3,0.51,False
7,False,NOMINAL,8.293,0.365,15.0,19.82,0.927,2046.5,1.46,False
8,False,NOMINAL,8.307,0.384,15.03,19.97,0.89,2022.6,0.91,False
9,False,NOMINAL,8.283,0.367,14.92,19.52,0.888,2027.2,1.63,False
10,False,NOMINAL,8.294,0.343,14.99,19.33,0.91,2028.8,0.85,False
11,False,NOMINAL,8.316,0.379,14.97,19.42,0.907,2026.3,1.31,False
12,False,NOMINAL,8.273,0.32,15.04,20.46,0.902,2023.8,0.75,False
13,False,NOMINAL,8.293,0.38,15.21,19.45,0.881,2069.4,1.3,False
14,False,NOMINAL,8.307,0.337,15.05,20.14,0.899,2054.3,1.26,False
15,False,NOMINAL,8.283,0.294,14.74,20.44,0.914,2051.6,1.78,False
16,False,NOMINAL,8.326,0.403,14.85,19.86,0.873,2076.9,2.15,False
17,False,NOMINAL,8.274,0.382,14.76,20.49,0.891,2046.6,1.39,False
18,False,NOMINAL,8.314,0.329,14.87,20.55,0.862,2076.4,1.06,False
19,False,NOMINAL,8.316,0.353,15.08,20.28,0.874,2067.8,2.46,False
20,False,NOMINAL,8.309,0.346,15.05,20.71,0.863,2053.1,1.67,False
21,False,NOMINAL,8.298,0.352,14.9,20.19,0.895,2088.9,1.79,False
22,False,NOMINAL,8.304,0.32,15.03,19.78,0.875,2047.6,1.79,False
23,False,NOMINAL,8.291,0.336,14.88,20.16,0.905,2093.1,2.21,False
24,False,NOMINAL,8.308,0.359,14.78,19.87,0.903,2065.9,1.99,False
25,False,NOMINAL,8.289,0.354,14.78,19.61,0.896,2094.5,1.82,False
26,False,NOMINAL,8.297,0.374,14.86,19.62,0.85,2116.6,1.87,False
27,False,NOMINAL,8.31,0.352,15.21,20.69,0.889,2103.6,1.06,False
28,False,NOMINAL,8.289,0.397,14.79,19.84,0.899,2083.4,1.18,False
29,False,NOMINAL,8.296,0.336,15.18,19.99,0.902,2097.5,1.43,False
30,False,NOMINAL,8.302,0.355,15.19,19.8,0.869,2093.6,1.53,False
31,False,NOMINAL,8.287,0.312,14.97,20.04,0.89,2080.4,1.5,False
32,False,NOMINAL,8.312,0.325,14.99,19.93,0.88,2084.3,1.64,False
33,False,NOMINAL,8.303,0.377,14.9,19.88,0.884,2109.6,1.5,False
34,False,NOMINAL,8.285,0.331,14.99,19.64,0.921,2121.8,1.27,False
35,False,NOMINAL,8.3,0.361,15.09,19.58,0.884,2078.9,0.68,False
36,False,NOMINAL,8.292,0.349,14.99,19.78,0.899,2114.6,1.9,False
37,False,NOMINAL,8.293,0.329,15.14,20.09,0.918,2128.2,1.78,False
38,False,NOMINAL,8.301,0.343,15.17,20.63,0.888,2122.6,1.05,False
39,False,NOMINAL,8.293,0.34,15.04,20.32,0.898,2102.8,1.74,False
40,False,NOMINAL,8.31,0.34,15.04,20.55,0.902,2145.0,1.68,False
41,False,NOMINAL,8.293,0.365,14.98,20.15,0.901,2102.7,1.52,False
42,False,NOMINAL,8.31,0.363,15.04,19.98,0.875,2141.2,0.57,False
43,False,NOMINAL,8.3,0.338,14.83,19.61,0.902,2161.8,0.89,False
44,False,NOMINAL,8.309,0.332,15.05,20.01,0.927,2091.9,1.19,False
45,False,NOMINAL,8.295,0.356,15.02,19.36,0.869,2138.7,2.29,False
46,False,NOMINAL,8.295,0.348,14.86,19.91,0.917,2141.4,1.06,False
47,False,NOMINAL,8.288,0.371,15.31,20.49,0.902,2141.2,1.31,False
48,False,NOMINAL,8.306,0.403,14.85,20.1,0.887,2123.0,0.93,False
49,False,NOMINAL,8.309,0.367,14.86,20.34,0.94,2133.3,1.24,False
50,False,NOMINAL,8.321,0.349,15.03,19.89,0.915,2113.1,1.66,False
51,False,NOMINAL,8.313,0.347,14.7,19.59,0.876,2144.3,0.45,False
52,False,NOMINAL,8.302,0.333,14.87,19.86,0.901,2153.3,0.07,False
53,False,NOMINAL,8.298,0.332,14.76,19.89,0.912,2130.6,1.82,False
54,False,NOMINAL,8.304,0.33,14.85,20.37,0.896,2126.4,1.5,False
55,False,NOMINAL,8.3,0.342,14.97,20.6,0.914,2136.1,1.19,False
56,False,NOMINAL,8.315,0.341,15.04,19.78,0.899,2145.9,1.97,False
57,False,NOMINAL,8.309,0.365,15.16,19.9,0.913,2147.8,1.97,False
58,False,NOMINAL,8.292,0.342,15.11,19.96,0.929,2145.0,0.44,False
59,False,NOMINAL,8.293,0.346,15.17,19.9,0.886,2148.8,1.4,False
60,True,ECLIPSE,8.314,-0.474,15.08,19.63,0.004,2122.0,2.04,False
61,True,ECLIPSE,8.28,-0.417,14.78,19.81,0.0,2094.4,1.15,False
62,True,ECLIPSE,8.252,-0.44,14.87,19.66,0.003,2160.2,1.33,False
63,True,ECLIPSE,8.243,-0.414,14.49,19.44,0.0,2176.1,1.96,False
64,True,ECLIPSE,8.205,-0.434,14.33,18.73,0.0,2120.2,1.35,False
65,True,ECLIPSE,8.183,-0.42,14.51,18.83,0.0,2134.8,0.89,False
66,True,ECLIPSE,8.158,-0.455,14.25,18.11,0.018,2153.5,1.14,False
67,True,ECLIPSE,8.12,-0.436,14.02,18.68,0.023,2166.0,0.82,False
68,True,ECLIPSE,8.126,-0.396,13.96,17.87,0.0,2159.6,1.76,False
69,True,ECLIPSE,8.082,-0.474,13.84,17.87,0.0,2171.4,0.63,False
70,True,ECLIPSE,8.066,-0.426,13.36,17.59,0.013,2144.6,1.99,False
71,True,ECLIPSE,8.041,-0.416,13.41,17.32,0.0,2153.1,0.67,False
72,True,ECLIPSE,8.033,-0.442,13.1,16.95,0.0,2152.2,1.51,False
73,True,ECLIPSE,8.002,-0.435,13.15,16.51,0.0,2134.8,0.75,False
74,True,ECLIPSE,7.98,-0.424,12.89,17.33,0.025,2165.8,1.33,False
75,True,ECLIPSE,7.94,-0.463,13.05,16.66,0.014,2153.4,2.0,False
76,True,ECLIPSE,7.933,-0.442,12.78,16.43,0.0,2159.2,2.05,False
77,True,ECLIPSE,7.897,-0.468,12.44,16.75,0.0,2131.1,2.14,False
78,True,ECLIPSE,7.892,-0.464,12.42,15.86,0.0,2157.6,1.44,False
79,True,ECLIPSE,7.869,-0.463,12.1,15.83,0.03,2115.3,1.54,False
80,True,ECLIPSE,7.843,-0.453,12.14,15.44,0.0,2142.2,1.6,False
81,True,ECLIPSE,7.84,-0.447,12.07,15.57,0.0,2081.6,1.79,False
82,True,ECLIPSE,7.802,-0.441,11.89,15.13,0.007,2111.4,1.29,False
83,True,ECLIPSE,7.78,-0.479,11.42,14.85,0.0,2143.8,2.04,False
84,True,ECLIPSE,7.753,-0.409,11.51,14.45,0.0,2118.7,1.65,False
85,True,ECLIPSE,7.727,-0.426,11.5,14.38,0.0,2129.0,2.06,False
86,True,ECLIPSE,7.715,-0.435,11.32,14.42,0.0,2091.8,1.73,False
87,True,ECLIPSE,7.694,-0.457,11.31,13.21,0.0,2151.8,1.83,False
88,True,ECLIPSE,7.647,-0.452,10.8,13.57,0.023,2131.0,1.12,False
89,True,ECLIPSE,7.648,-0.439,10.93,13.26,0.013,2116.5,1.28,False
90,True,ECLIPSE,7.619,-0.442,10.61,13.06,0.0,2122.9,0.84,False
91,True,ECLIPSE,7.601,-0.484,10.59,12.33,0.013,2118.8,1.34,False
92,True,ECLIPSE,7.573,-0.435,10.48,12.91,0.0,2137.6,1.4,False
93,True,ECLIPSE,7.533,-0.39,10.38,12.21,0.021,2111.5,1.9,False
94,True,ECLIPSE,7.511,-0.488,10.05,12.17,0.0,2075.9,0.86,False
95,False,NOMINAL,8.318,0.37,15.02,19.86,0.912,2097.1,3.1,False
96,False,NOMINAL,8.303,0.358,14.82,19.51,0.874,2124.5,1.43,False
97,False,NOMINAL,8.286,0.348,14.78,19.88,0.907,2107.7,2.12,False
98,False,NOMINAL,8.303,0.378,15.07,19.46,0.866,2085.4,2.01,False
99,False,NOMINAL,8.296,0.326,14.98,19.73,0.859,2102.7,0.23,False
100,False,NOMINAL,8.282,0.353,14.75,19.92,0.894,2090.1,1.36,False
101,False,NOMINAL,8.277,0.38,14.86,20.01,0.882,2096.7,2.22,False
102,False,NOMINAL,8.284,0.346,14.99,20.03,0.903,2050.6,0.27,False
103,False,NOMINAL,8.303,0.341,15.22,19.97,0.945,2061.0,1.87,False
104,False,NOMINAL,8.3,0.352,15.15,20.65,0.883,2088.4,1.03,False
105,False,NOMINAL,8.298,0.341,15.11,20.14,0.888,2067.7,1.25,False
106,False,NOMINAL,8.303,0.382,14.72,19.64,0.904,2075.7,1.6,False
107,False,NOMINAL,8.306,0.331,14.98,19.83,0.91,2103.8,0.55,False
108,False,NOMINAL,8.279,0.368,15.06,19.81,0.896,2056.0,1.58,False
109,False,NOMINAL,8.297,0.324,15.05,19.96,0.896,2063.4,1.16,False
110,False,NOMINAL,8.292,0.364,15.05,19.83,0.914,2044.4,1.11,False
111,False,NOMINAL,8.288,0.348,14.96,19.75,0.91,2039.5,1.84,False
112,False,NOMINAL,8.295,0.297,15.25,20.5,0.879,2046.8,3.24,False
113,False,NOMINAL,8.299,0.35,15.21,20.02,0.898,2016.3,1.66,False
114,False,NOMINAL,8.297,0.328,14.98,19.91,0.901,2000.0,1.76,False
115,False,NOMINAL,8.285,0.341,14.84,19.93,0.879,2064.2,1.46,False
116,False,NOMINAL,8.295,0.382,15.3,19.94,0.905,2031.9,1.12,False
117,False,NOMINAL,8.32,0.327,14.91,20.43,0.883,2052.2,1.62,False
118,False,NOMINAL,8.289,0.328,15.17,20.15,0.919,2029.0,2.25,False
119,False,NOMINAL,8.283,0.38,15.28,20.35,0.904,2025.8,1.58,False
120,False,COMM,8.303,0.352,14.85,19.07,0.902,2032.3,1.93,True
121,False,COMM,8.306,0.382,15.03,20.11,0.888,2029.5,1.37,True
122,False,COMM,8.305,0.357,14.94,20.33,0.898,1988.2,2.75,True
123,False,COMM,8.289,0.332,15.07,20.6,0.86,2031.6,0.66,True
124,False,COMM,8.31,0.349,15.04,20.02,0.877,1985.3,1.78,True
125,False,COMM,8.292,0.375,15.28,19.5,0.907,2004.5,1.76,True
126,False,COMM,8.289,0.369,15.08,20.19,0.857,2046.7,1.62,True
127,False,COMM,8.294,0.35,14.99,19.83,0.917,1994.6,0.93,True
128,False,COMM,8.299,0.351,15.16,19.47,0.865,2021.8,0.92,True
129,False,NOMINAL,8.307,0.348,14.95,19.82,0.915,1978.7,1.37,False
130,False,NOMINAL,8.306,0.338,14.94,20.33,0.883,1993.8,1.53,False
131,False,NOMINAL,8.3,0.39,15.33,20.37,0.916,1979.1,0.88,False
132,False,NOMINAL,8.309,0.35,14.87,20.23,0.903,1982.5,0.95,False
133,False,NOMINAL,8.301,0.327,14.92,19.7,0.869,1954.0,1.76,False
134,False,NOMINAL,8.309,0.34,15.0,20.77,0.925,1949.0,2.0,False
135,False,NOMINAL,8.286,0.365,14.83,19.66,0.929,1969.9,1.2,False
136,False,NOMINAL,8.284,0.363,14.67,19.99,0.899,1929.2,1.13,False
137,False,NOMINAL,8.308,0.347,15.15,19.58,0.895,1939.6,1.12,False
138,False,NOMINAL,8.286,0.336,14.87,20.41,0.897,1965.0,2.72,False
139,False,NOMINAL,8.297,0.35,14.91,20.14,0.88,1936.9,1.73,False
140,False,NOMINAL,8.299,0.316,14.94,20.28,0.922,1928.1,1.45,False
141,False,NOMINAL,8.295,0.323,14.84,20.04,0.889,1920.3,1.99,False
142,False,NOMINAL,8.295,0.366,14.83,19.99,0.899,1941.3,2.63,False
143,False,NOMINAL,8.314,0.34,15.02,20.06,0.884,1927.9,2.07,False
144,False,NOMINAL,8.275,0.358,15.35,19.45,0.887,1934.6,0.77,False
145,False,NOMINAL,8.309,0.375,15.1,20.31,0.874,1924.6,1.44,False
146,False,NOMINAL,8.323,0.363,15.1,20.29,0.925,1961.2,1.28,False
147,False,NOMINAL,8.3,0.35,14.77,19.89,0.897,1913.2,1.31,False
148,False,NOMINAL,8.3,0.394,14.99,20.01,0.919,1880.3,0.87,False
149,False,NOMINAL,8.307,0.364,14.81,20.1,0.9,1917.7,1.29,False
150,False,NOMINAL,8.318,0.343,15.11,20.48,0.886,1912.3,0.94,False
151,False,NOMINAL,8.288,0.365,14.96,20.14,0.893,1912.3,1.65,False
152,False,NOMINAL,8.301,0.358,15.0,20.03,0.889,1874.9,1.5,False
153,False,NOMINAL,8.298,0.332,14.98,19.86,0.9,1925.4,0.77,False
154,False,NOMINAL,8.306,0.352,14.9,19.56,0.892,1899.8,0.63,False
155,True,ECLIPSE,8.302,-0.453,14.76,19.83,0.0,1896.8,1.24,False
156,True,ECLIPSE,8.284,-0.49,14.94,19.81,0.0,1864.0,1.81,False
157,True,ECLIPSE,8.25,-0.454,14.5,19.48,0.0,1901.4,1.73,False
158,True,ECLIPSE,8.232,-0.456,14.39,19.35,0.033,1888.3,1.45,False
159,True,ECLIPSE,8.202,-0.459,14.38,19.32,0.0,1913.4,0.17,False
160,True,ECLIPSE,8.179,-0.484,14.17,19.0,0.0,1876.4,1.23,False
161,True,ECLIPSE,8.161,-0.457,14.17,18.72,0.007,1858.0,1.11,False
162,True,ECLIPSE,8.139,-0.451,14.14,18.61,0.028,1882.3,1.31,False
163,True,ECLIPSE,8.105,-0.448,13.89,18.24,0.0,1859.7,0.87,False
164,True,ECLIPSE,8.11,-0.473,13.74,17.95,0.0,1883.4,1.26,False
165,True,ECLIPSE,8.07,-0.437,13.57,17.87,0.0,1852.1,1.15,False
166,True,ECLIPSE,8.035,-0.475,13.55,16.98,0.0,1868.6,2.84,False
167,True,ECLIPSE,8.037,-0.455,13.0,17.65,0.015,1864.8,1.83,False
168,True,ECLIPSE,7.995,-0.423,13.19,16.66,0.0,1866.6,1.38,False
169,True,ECLIPSE,7.985,-0.464,12.85,17.07,0.001,1855.5,1.46,False
170,True,ECLIPSE,7.957,-0.461,12.66,16.59,0.0,1848.0,1.42,False
171,True,ECLIPSE,7.937,-0.428,12.71,16.69,0.009,1861.0,1.57,False
172,True,ECLIPSE,7.913,-0.458,12.5,16.14,0.0,1849.3,1.28,False
173,True,ECLIPSE,7.883,-0.456,12.51,15.62,0.0,1862.1,1.47,False
174,True,ECLIPSE,7.866,-0.445,12.44,15.99,0.0,1852.5,1.99,False
175,True,ECLIPSE,7.863,-0.428,11.79,15.5,0.0,1812.8,1.9,False
176,True,ECLIPSE,7.798,-0.495,11.98,15.25,0.027,1854.1,1.63,False
177,True,ECLIPSE,7.798,-0.467,12.14,15.01,0.0,1881.2,2.15,False
178,True,ECLIPSE,7.779,-0.471,11.84,15.06,0.006,1859.1,1.59,False
179,True,ECLIPSE,7.741,-0.472,11.78,14.77,0.0,1863.9,0.99,False
180,True,ECLIPSE,7.715,-0.468,11.43,14.37,0.0,1860.3,0.6,False
181,True,ECLIPSE,7.727,-0.467,11.06,13.61,0.0,1841.6,1.13,False
182,True,ECLIPSE,7.679,-0.444,10.97,13.72,0.013,1824.1,1.45,False
183,True,ECLIPSE,7.681,-0.468,11.1,13.65,0.0,1865.2,1.68,False
184,True,ECLIPSE,7.643,-0.447,10.99,13.93,0.0,1869.5,2.02,False
185,True,ECLIPSE,7.615,-0.442,10.6,13.27,0.0,1859.6,1.19,False
186,True,ECLIPSE,7.596,-0.465,10.52,12.9,0.024,1856.6,1.08,False
187,True,ECLIPSE,7.575,-0.447,10.46,13.06,0.014,1855.8,1.87,False
188,True,ECLIPSE,7.558,-0.416,10.01,12.44,0.008,1847.5,2.07,False
189,True,ECLIPSE,7.527,-0.443,10.08,12.24,0.0,1853.4,1.24,False
190,False,NOMINAL,8.301,0.337,15.23,20.06,0.872,1848.4,1.65,False
191,False,NOMINAL,8.302,0.349,15.32,19.57,0.919,1854.7,2.17,False
192,False,NOMINAL,8.314,0.331,14.97,20.3,0.919,1830.3,1.64,False
193,False,NOMINAL,8.308,0.356,15.27,20.14,0.897,1836.8,1.45,False
194,False,NOMINAL,8.29,0.368,14.91,19.93,0.911,1860.5,0.44,False
195,False,NOMINAL,8.294,0.333,14.87,19.67,0.916,1843.5,2.14,False
196,False,NOMINAL,8.303,0.346,14.66,20.08,0.917,1803.9,1.8,False
197,False,NOMINAL,8.294,0.373,15.13,20.44,0.918,1853.8,1.54,False
198,False,NOMINAL,8.296,0.34,14.94,19.82,0.891,1808.1,1.25,False
199,False,NOMINAL,8.29,0.354,15.34,19.7,0.93,1890.1,0.85,False
200,False,NOMINAL,8.297,0.329,15.04,20.14,0.875,1868.1,1.43,False
201,False,NOMINAL,8.304,0.333,15.02,19.54,0.917,1868.3,1.43,False
202,False,NOMINAL,8.31,0.34,14.72,19.35,0.91,1843.7,2.03,False
203,False,NOMINAL,8.3,0.394,15.22,19.88,0.917,1836.1,0.87,False
204,False,NOMINAL,8.321,0.342,14.94,19.81,0.938,1855.1,2.2,False
205,False,NOMINAL,8.299,0.339,14.97,19.93,0.93,1861.1,1.5,False
206,False,NOMINAL,8.332,0.339,14.66,19.85,0.877,1847.4,2.08,False
207,False,NOMINAL,8.31,0.347,15.13,20.12,0.866,1866.9,0.99,False
208,False,NOMINAL,8.305,0.363,15.14,19.95,0.916,1878.8,1.65,False
209,False,NOMINAL,8.295,0.354,14.9,19.84,0.88,1878.9,2.09,False
210,False,NOMINAL,8.272,0.391,15.01,19.88,0.9,1849.3,1.54,False
211,False,NOMINAL,8.298,0.354,15.05,20.21,0.917,1829.6,0.74,False
212,False,NOMINAL,8.302,0.379,15.14,20.3,0.867,1873.4,1.31,False
213,False,NOMINAL,8.319,0.356,15.01,20.29,0.858,1862.7,1.75,False
214,False,NOMINAL,8.286,0.362,15.25,20.23,0.905,1886.2,0.78,False
215,False,NOMINAL,8.319,0.321,14.96,19.03,0.901,1911.4,0.76,False
216,False,NOMINAL,8.297,0.347,14.9,19.72,0.895,1913.8,1.6,False
217,False,NOMINAL,8.307,0.349,14.92,19.92,0.901,1890.2,1.0,False
218,False,NOMINAL,8.275,0.345,14.61,20.08,0.883,1908.5,1.82,False
219,False,NOMINAL,8.301,0.307,14.87,19.53,0.87,1921.3,0.89,False
220,False,NOMINAL,8.297,0.368,15.14,20.44,0.897,1893.3,0.56,False
221,False,NOMINAL,8.307,0.342,15.03,20.11,0.881,1900.3,1.09,False
222,False,NOMINAL,8.301,0.341,14.87,19.83,0.867,1914.2,2.23,False
223,False,NOMINAL,8.289,0.345,15.04,20.07,0.91,1900.0,1.05,False
224,False,NOMINAL,8.309,0.345,14.69,19.91,0.899,1894.0,1.48,False
225,False,NOMINAL,8.307,0.358,14.95,19.79,0.908,1892.1,1.6,False
226,False,NOMINAL,8.306,0.325,15.07,20.17,0.88,1909.6,1.0,False
227,False,NOMINAL,8.31,0.331,15.1,19.88,0.887,1900.7,2.03,False
228,False,NOMINAL,8.311,0.356,14.88,19.59,0.88,1931.0,1.57,False
229,False,NOMINAL,8.3,0.353,15.13,19.83,0.882,1912.5,1.7,False
230,False,NOMINAL,8.286,0.342,15.27,19.98,0.904,1950.1,0.64,False
231,False,NOMINAL,8.286,0.339,14.93,19.69,0.884,1948.5,0.6,False
232,False,NOMINAL,8.313,0.333,15.1,20.4,0.907,1904.9,0.1,False
233,False,NOMINAL,8.307,0.349,14.76,19.69,0.907,1952.7,1.39,False
234,False,NOMINAL,8.301,0.374,14.7,20.55,0.941,1927.7,1.37,False
235,False,NOMINAL,8.296,0.329,15.08,20.29,0.872,1965.0,1.84,False
236,False,NOMINAL,8.3,0.38,15.0,19.74,0.918,1952.1,2.22,False
237,False,NOMINAL,8.3,0.367,15.02,20.06,0.898,1944.9,1.35,False
238,False,NOMINAL,8.297,0.341,14.9,20.37,0.9,1962.2,1.35,False
239,False,NOMINAL,8.293,0.366,14.95,19.96,0.871,1942.3,1.71,False
240,False,NOMINAL,8.322,0.321,15.11,19.66,0.891,1962.8,2.25,False
241,False,NOMINAL,8.302,0.315,15.25,20.05,0.915,1967.5,1.07,False
242,False,NOMINAL,8.294,0.324,14.96,20.62,0.898,1961.0,1.79,False
243,False,NOMINAL,8.287,0.342,14.74,19.57,0.902,1974.9,1.36,False
244,False,NOMINAL,8.293,0.343,15.18,20.19,0.894,1952.1,1.31,False
245,False,NOMINAL,8.307,0.34,15.08,20.02,0.923,1985.5,1.89,False
246,False,NOMINAL,8.308,0.352,15.09,19.98,0.9,1955.5,1.09,False
247,False,NOMINAL,8.298,0.307,15.02,19.9,0.856,1994.2,0.95,False
248,False,NOMINAL,8.301,0.36,15.34,19.92,0.886,1995.1,1.81,False
249,False,NOMINAL,8.297,0.322,15.0,20.33,0.861,2003.3,1.47,False
250,True,ECLIPSE,8.289,-0.463,15.07,20.2,0.0,1983.0,1.35,False
251,True,ECLIPSE,8.29,-0.458,14.57,19.49,0.0,2055.2,1.41,False
252,True,ECLIPSE,8.258,-0.473,14.62,20.03,0.027,1996.8,1.73,False
253,True,ECLIPSE,8.256,-0.477,14.46,18.95,0.001,2007.8,1.3,False
254,True,ECLIPSE,8.201,-0.47,14.42,19.3,0.0,1994.3,1.86,False
255,True,ECLIPSE,8.184,-0.45,14.33,18.93,0.0,2039.7,1.69,False
256,True,ECLIPSE,8.172,-0.438,14.02,19.01,0.023,2007.2,2.22,False
257,True,ECLIPSE,8.138,-0.439,14.25,18.53,0.003,2038.8,2.12,False
258,True,ECLIPSE,8.103,-0.47,13.69,18.51,0.001,2005.6,1.91,False
259,True,ECLIPSE,8.085,-0.466,13.64,17.96,0.0,2033.2,1.38,False
260,True,ECLIPSE,8.072,-0.468,13.6,18.03,0.001,2024.0,1.54,False
261,True,ECLIPSE,8.052,-0.441,13.23,17.61,0.016,2052.4,1.19,False
262,True,ECLIPSE,8.025,-0.491,13.36,17.92,0.011,2032.8,2.91,False
263,True,ECLIPSE,8.013,-0.425,13.23,16.84,0.004,2025.6,1.37,False
264,True,ECLIPSE,7.99,-0.46,12.95,17.18,0.0,2054.1,1.76,False
265,True,ECLIPSE,7.96,-0.466,13.14,16.73,0.01,2026.4,2.16,False
266,True,ECLIPSE,7.935,-0.443,12.72,16.42,0.0,2034.5,0.8,False
267,True,ECLIPSE,7.909,-0.429,12.61,15.97,0.022,2070.7,1.07,False
268,True,ECLIPSE,7.894,-0.443,12.28,16.04,0.0,2024.1,1.29,False
269,True,ECLIPSE,7.875,-0.429,12.03,15.24,0.0,2077.5,0.99,False
270,True,ECLIPSE,7.843,-0.447,12.04,15.04,0.0,2058.8,0.85,False
271,True,ECLIPSE,7.824,-0.425,11.94,15.44,0.0,2052.4,1.22,False
272,True,ECLIPSE,7.794,-0.425,11.78,14.53,0.034,2077.7,2.13,False
273,True,ECLIPSE,7.76,-0.452,11.82,15.2,0.029,2088.3,1.85,False
274,True,ECLIPSE,7.741,-0.421,11.21,14.45,0.0,2068.4,1.5,False
275,True,ECLIPSE,7.736,-0.447,11.25,14.38,0.015,2079.3,1.5,False
276,True,ECLIPSE,7.71,-0.448,11.0,14.1,0.008,2101.0,0.65,False
277,True,ECLIPSE,7.699,-0.468,11.34,13.98,0.0,2103.1,1.83,False
278,True,ECLIPSE,7.661,-0.456,10.91,13.54,0.005,2090.9,1.7,False
279,True,ECLIPSE,7.646,-0.434,10.77,13.28,0.0,2080.2,0.94,False
280,True,ECLIPSE,7.628,-0.476,10.54,13.13,0.002,2079.7,1.59,False
281,True,ECLIPSE,7.601,-0.437,10.7,13.25,0.0,2089.2,1.39,False
282,True,ECLIPSE,7.562,-0.443,10.36,13.05,0.0,2116.1,1.22,False
283,True,ECLIPSE,7.544,-0.444,10.31,12.86,0.0,2116.8,0.99,False
284,True,ECLIPSE,7.524,-0.494,9.83,12.36,0.024,2114.2,1.15,False
285,False,NOMINAL,8.29,0.348,15.17,19.96,0.907,2137.4,1.01,False
286,False,NOMINAL,8.305,0.363,15.05,19.52,0.9,2107.8,1.72,False
287,False,NOMINAL,8.31,0.335,15.08,20.22,0.931,2108.7,1.67,False
288,False,NOMINAL,8.295,0.352,15.18,20.27,0.889,2111.0,1.65,False
289,False,NOMINAL,8.32,0.302,14.96,19.9,0.892,2156.7,1.39,False
290,False,NOMINAL,8.297,0.363,14.97,20.26,0.864,2083.8,1.28,False
291,False,NOMINAL,8.298,0.337,15.1,20.41,0.931,2130.3,2.51,False
292,False,NOMINAL,8.298,0.367,15.06,20.05,0.919,2135.3,0.55,False
293,False,NOMINAL,8.293,0.313,14.96,20.34,0.918,2130.0,2.08,False
294,False,NOMINAL,8.304,0.364,15.0,20.12,0.913,2174.8,1.66,False
295,False,NOMINAL,8.3,0.345,14.92,19.5,0.902,2154.6,1.52,False
296,False,NOMINAL,8.317,0.366,15.1,19.88,0.904,2148.7,1.23,False
297,False,NOMINAL,8.306,0.331,15.13,19.9,0.895,2118.8,1.38,False
298,False,NOMINAL,8.305,0.338,14.99,20.18,0.896,2146.7,0.89,False
299,False,NOMINAL,8.298,0.395,15.27,19.76,0.901,2131.7,0.79,False
300,False,NOMINAL,8.286,0.333,14.76,19.89,0.93,2141.0,1.43,False
301,False,NOMINAL,8.299,0.336,14.96,19.73,0.911,2145.2,0.66,False
302,False,NOMINAL,8.291,0.344,15.25,20.01,0.899,2133.5,1.9,False
303,False,NOMINAL,8.31,0.33,14.93,20.04,0.888,2155.6,2.04,False
304,False,NOMINAL,8.3,0.374,14.75,20.32,0.887,2175.4,0.24,False
305,False,NOMINAL,8.317,0.385,15.2,20.26,0.932,2165.1,0.71,False
306,False,NOMINAL,8.307,0.336,15.07,20.07,0.91,2150.5,1.62,False
307,False,NOMINAL,8.308,0.315,14.81,20.1,0.901,2110.7,1.59,False
308,False,NOMINAL,8.302,0.373,15.11,20.06,0.893,2168.3,1.54,False
309,False,NOMINAL,8.302,0.372,14.84,20.06,0.878,2168.6,1.7,False
310,False,NOMINAL,8.307,0.366,14.79,20.49,0.899,2145.1,1.86,False
311,False,NOMINAL,8.309,0.373,14.97,19.28,0.917,2140.1,1.92,False
312,False,NOMINAL,8.293,0.333,14.92,19.97,0.892,2161.8,2.38,False
313,False,NOMINAL,8.305,0.347,14.83,20.12,0.895,2134.3,1.5,False
314,False,NOMINAL,8.326,0.322,14.94,20.36,0.896,2164.6,1.92,False
315,False,NOMINAL,8.299,0.322,14.84,19.69,0.902,2129.3,0.67,False
316,False,NOMINAL,8.297,0.37,15.0,20.13,0.868,2132.2,1.42,False
317,False,NOMINAL,8.293,0.337,14.99,20.28,0.895,2149.6,0.88,False
318,False,NOMINAL,8.286,0.396,15.1,19.89,0.883,2121.6,2.18,False
319,False,NOMINAL,8.312,0.351,14.92,19.45,0.918,2148.6,2.65,False
320,False,NOMINAL,8.301,0.337,14.79,19.92,0.885,2158.1,1.76,False
321,False,NOMINAL,8.303,0.366,14.79,19.66,0.912,2122.8,0.84,False
322,False,NOMINAL,8.318,0.386,14.96,20.22,0.93,2164.3,1.43,False
323,False,NOMINAL,8.325,0.36,15.22,19.77,0.894,2135.5,1.5,False
324,False,NOMINAL,8.291,0.326,15.12,20.56,0.888,2155.6,1.59,False
325,False,NOMINAL,8.311,0.357,14.9,20.07,0.904,2148.3,2.03,False
326,False,NOMINAL,8.306,0.378,15.13,19.78,0.9,2134.7,1.96,False
327,False,NOMINAL,8.304,0.34,14.82,19.87,0.88,2132.3,0.16,False
328,False,NOMINAL,8.305,0.335,15.15,19.7,0.909,2108.8,2.17,False
329,False,NOMINAL,8.3,0.37,14.94,20.14,0.94,2126.5,1.24,False
330,False,NOMINAL,8.316,0.353,15.11,20.47,0.895,2123.7,1.21,False
331,False,NOMINAL,8.306,0.328,15.09,19.96,0.896,2167.6,2.2,False
332,False,NOMINAL,8.303,0.342,14.95,20.3,0.879,2154.3,1.35,False
333,False,NOMINAL,8.312,0.335,15.04,19.74,0.906,2107.8,0.8,False
334,False,NOMINAL,8.309,0.356,14.83,20.12,0.875,2146.8,0.83,False
335,False,NOMINAL,8.305,0.352,14.98,20.71,0.878,2134.1,1.52,False
336,False,NOMINAL,8.303,0.373,15.16,19.6,0.926,2120.9,1.94,False
337,False,NOMINAL,8.318,0.364,15.61,20.39,0.882,2134.7,2.24,False
338,False,NOMINAL,8.305,0.319,15.1,20.38,0.922,2138.8,1.4,False
339,False,NOMINAL,8.299,0.358,15.01,19.46,0.93,2111.2,1.25,False
340,False,NOMINAL,8.291,0.368,14.84,19.59,0.905,2114.5,2.3,False
341,False,NOMINAL,8.297,0.359,15.15,19.73,0.911,2120.5,1.26,False
342,False,NOMINAL,8.29,0.371,14.74,20.31,0.939,2096.5,2.22,False
343,False,NOMINAL,8.301,0.339,14.87,19.89,0.896,2116.0,1.61,False
344,False,NOMINAL,8.303,0.331,15.05,19.97,0.888,2108.5,1.61,False
345,True,ECLIPSE,8.28,-0.431,14.81,20.24,0.0,2094.7,1.37,False
346,True,ECLIPSE,8.277,-0.471,15.08,19.83,0.001,2089.1,1.64,False
347,True,ECLIPSE,8.261,-0.493,14.87,19.63,0.03,2107.8,1.26,False
348,True,ECLIPSE,8.233,-0.429,14.48,19.24,0.019,2115.8,1.15,False
349,True,ECLIPSE,8.199,-0.464,14.34,19.45,0.0,2102.7,1.42,False
350,True,ECLIPSE,8.198,-0.456,14.08,18.65,0.0,2077.6,1.16,False
351,True,ECLIPSE,8.156,-0.478,13.93,19.15,0.0,2104.7,1.64,False
352,True,ECLIPSE,8.128,-0.477,14.06,18.32,0.006,2090.8,1.53,False
353,True,ECLIPSE,8.106,-0.473,13.94,17.95,0.0,2095.7,1.36,False
354,True,ECLIPSE,8.094,-0.457,13.76,18.16,0.004,2103.3,1.39,False
355,True,ECLIPSE,8.081,-0.443,13.6,17.87,0.006,2061.4,1.37,False
356,True,ECLIPSE,8.06,-0.496,13.34,16.91,0.0,2072.5,2.36,False
357,True,ECLIPSE,8.028,-0.435,13.33,17.35,0.0,2060.6,1.48,False
358,True,ECLIPSE,7.991,-0.474,12.91,16.65,0.004,2052.1,1.19,False
359,True,ECLIPSE,7.973,-0.471,12.99,16.57,0.0,2102.7,1.34,False
360,True,ECLIPSE,7.948,-0.436,13.07,16.83,0.01,2079.3,1.82,False
361,True,ECLIPSE,7.933,-0.451,12.91,16.11,0.037,2025.3,1.39,False
362,True,ECLIPSE,7.894,-0.481,12.49,16.24,0.012,2062.8,1.41,False
363,True,ECLIPSE,7.89,-0.413,12.37,15.79,0.001,2040.9,1.36,False
364,True,ECLIPSE,7.872,-0.467,12.49,16.26,0.0,2069.3,1.57,False
365,True,ECLIPSE,7.841,-0.445,12.41,15.42,0.008,2045.8,1.68,False
366,True,ECLIPSE,7.825,-0.446,11.77,14.87,0.0,2037.4,1.71,False
367,True,ECLIPSE,7.788,-0.422,11.79,14.66,0.0,2039.7,0.67,False
368,True,ECLIPSE,7.76,-0.459,11.74,14.49,0.017,2040.6,0.95,False
369,True,ECLIPSE,7.745,-0.43,11.75,14.57,0.014,2030.3,0.17,False
370,True,ECLIPSE,7.74,-0.465,11.3,14.31,0.0,2021.9,1.89,False
371,True,ECLIPSE,7.716,-0.428,11.38,14.37,0.0,2019.8,2.04,False
372,True,ECLIPSE,7.678,-0.465,11.09,13.9,0.0,2028.2,2.14,False
373,True,ECLIPSE,7.672,-0.457,11.35,13.66,0.0,1993.8,1.56,False
374,True,ECLIPSE,7.634,-0.412,10.92,13.49,0.013,2011.1,2.06,False
375,True,ECLIPSE,7.629,-0.444,10.69,13.12,0.045,2005.2,1.47,False
376,True,ECLIPSE,7.596,-0.448,10.51,13.02,0.004,1994.6,1.43,False
377,True,ECLIPSE,7.564,-0.405,10.58,12.94,0.0,2013.7,0.72,False
378,True,ECLIPSE,7.554,-0.443,10.38,12.71,0.0,1972.1,1.1,False
379,True,ECLIPSE,7.515,-0.466,9.97,12.08,0.0,1985.6,1.19,False
380,False,NOMINAL,8.291,0.365,15.03,19.49,0.896,1972.8,1.95,False
381,False,NOMINAL,8.285,0.326,14.79,19.78,0.877,1995.2,2.32,False
382,False,NOMINAL,8.303,0.373,14.88,20.1,0.902,1972.5,1.25,False
383,False,NOMINAL,8.299,0.374,14.8,19.27,0.877,1978.4,1.67,False
384,False,NOMINAL,8.299,0.339,14.79,19.88,0.922,1981.0,1.63,False
385,False,NOMINAL,8.296,0.337,14.89,20.15,0.921,1940.3,1.1,False
386,False,NOMINAL,8.314,0.354,14.85,19.85,0.922,1974.9,0.63,False
387,False,NOMINAL,8.296,0.35,15.07,19.68,0.891,1948.9,1.11,False
388,False,NOMINAL,8.293,0.33,15.11,20.54,0.91,1954.5,0.77,False
389,False,NOMINAL,8.312,0.361,14.96,20.43,0.897,1953.5,1.33,False
390,False,NOMINAL,8.314,0.309,14.82,19.94,0.892,1967.2,1.42,False
391,False,NOMINAL,8.303,0.341,15.11,20.42,0.893,1962.3,1.4,False
392,False,NOMINAL,8.283,0.342,14.69,20.41,0.874,1978.0,1.4,False
393,False,NOMINAL,8.294,0.345,14.7,19.68,0.871,1944.9,1.73,False
394,False,NOMINAL,8.306,0.356,15.1,20.82,0.916,1929.2,1.02,False
395,False,NOMINAL,8.3,0.325,15.09,19.74,0.896,1925.3,1.93,False
396,False,NOMINAL,8.316,0.362,15.14,19.94,0.904,1943.6,0.65,False
397,False,NOMINAL,8.286,0.346,14.96,19.69,0.92,1958.0,1.52,False
398,False,NOMINAL,8.307,0.337,14.8,20.04,0.865,1931.2,1.68,False
399,False,NOMINAL,8.294,0.323,14.92,19.62,0.884,1910.8,1.09,False
400,False,COMM,8.313,0.326,15.08,20.02,0.904,1923.5,0.69,True
401,False,COMM,8.299,0.357,14.88,20.34,0.908,1920.1,1.81,True
402,False,COMM,8.31,0.331,14.89,20.08,0.892,1912.8,1.15,True
403,False,COMM,8.294,0.351,14.78,19.94,0.921,1895.3,1.88,True
404,False,COMM,8.286,0.371,14.82,20.48,0.904,1858.8,1.87,True
405,False,COMM,8.289,0.371,15.12,19.75,0.876,1893.3,1.48,True
406,False,COMM,8.294,0.381,15.06,20.31,0.881,1920.2,1.49,True
407,False,COMM,8.29,0.344,14.82,19.93,0.916,1901.7,1.98,True
408,False,COMM,8.312,0.328,14.83,20.08,0.909,1853.8,1.67,True
409,False,NOMINAL,8.313,0.37,14.91,20.03,0.862,1892.5,1.02,False
410,False,NOMINAL,8.303,0.356,15.08,20.05,0.927,1855.3,1.57,False
411,False,NOMINAL,8.29,0.372,14.82,20.0,0.912,1924.4,1.76,False
412,False,NOMINAL,8.299,0.35,14.97,19.78,0.927,1888.4,1.59,False
413,False,NOMINAL,8.293,0.374,14.67,19.84,0.892,1860.0,1.58,False
414,False,NOMINAL,8.315,0.367,14.8,20.15,0.894,1895.1,1.41,False
415,False,NOMINAL,8.303,0.364,15.06,19.98,0.877,1863.4,1.43,False
416,False,NOMINAL,8.305,0.36,15.13,19.67,0.951,1886.3,1.02,False
417,False,NOMINAL,8.296,0.358,14.82,19.8,0.896,1874.2,0.77,False
418,False,NOMINAL,8.28,0.355,14.88,19.81,0.932,1849.7,2.05,False
419,False,NOMINAL,8.292,0.355,15.11,20.0,0.887,1882.3,1.17,False
420,False,NOMINAL,8.289,0.37,14.93,20.07,0.903,1843.0,1.6,False
421,False,NOMINAL,8.304,0.34,14.91,20.04,0.867,1891.3,0.74,False
422,False,NOMINAL,8.301,0.385,15.07,19.82,0.892,1865.8,1.57,False
423,False,NOMINAL,8.292,0.348,15.02,20.02,0.92,1843.9,1.07,False
424,False,NOMINAL,8.296,0.37,15.16,19.6,0.875,1827.7,2.96,False
425,False,NOMINAL,8.316,0.348,15.11,19.15,0.921,1890.4,0.98,False
426,False,NOMINAL,8.29,0.345,14.91,20.0,0.907,1886.0,1.01,False
427,False,NOMINAL,8.291,0.391,14.98,19.52,0.879,1834.2,1.96,False
428,False,NOMINAL,8.298,0.344,14.98,19.73,0.89,1887.3,2.05,False
429,False,NOMINAL,8.293,0.324,14.79,19.65,0.891,1858.6,0.44,False
430,False,NOMINAL,8.296,0.336,14.85,20.2,0.899,1850.4,1.61,False
431,False,NOMINAL,8.305,0.344,15.14,19.65,0.889,1852.0,1.92,False
432,False,NOMINAL,8.317,0.393,14.75,20.09,0.883,1847.8,0.88,False
433,False,NOMINAL,8.282,0.354,15.14,19.86,0.894,1878.9,1.83,False
434,False,NOMINAL,8.3,0.369,15.04,19.64,0.879,1854.4,1.22,False
435,False,NOMINAL,8.3,0.33,14.97,19.54,0.874,1816.7,0.99,False
436,False,NOMINAL,8.299,0.357,15.07,20.15,0.899,1889.8,1.31,False
437,False,NOMINAL,8.298,0.363,15.07,20.12,0.918,1866.8,1.26,False
438,False,NOMINAL,8.297,0.386,15.18,20.24,0.869,1829.8,0.79,False
439,False,NOMINAL,8.31,0.336,14.93,20.56,0.9,1843.4,2.6,False
440,True,ECLIPSE,8.295,-0.438,14.96,20.09,0.0,1833.1,1.26,False
441,True,ECLIPSE,8.276,-0.444,14.81,19.86,0.0,1850.9,1.11,False
442,True,ECLIPSE,8.254,-0.47,14.99,19.51,0.017,1857.6,1.91,False
443,True,ECLIPSE,8.233,-0.45,14.71,19.35,0.0,1854.9,1.45,False
444,True,ECLIPSE,8.207,-0.455,14.28,18.99,0.03,1839.6,2.15,False
445,True,ECLIPSE,8.196,-0.497,14.23,18.6,0.0,1836.3,1.35,False
446,True,ECLIPSE,8.163,-0.438,14.03,19.23,0.008,1867.6,1.66,False
447,True,ECLIPSE,8.142,-0.439,14.0,17.85,0.0,1850.5,1.53,False
448,True,ECLIPSE,8.117,-0.459,13.88,18.25,0.0,1895.2,1.57,False
449,True,ECLIPSE,8.084,-0.477,14.05,18.08,0.012,1838.9,1.38,False
450,True,ECLIPSE,8.063,-0.42,13.29,17.76,0.0,1869.6,1.43,False
451,True,ECLIPSE,8.038,-0.445,13.58,17.2,0.012,1856.7,2.32,False
452,True,ECLIPSE,8.028,-0.43,13.35,17.2,0.0,1842.7,1.15,False
453,True,ECLIPSE,7.996,-0.422,13.03,16.89,0.0,1883.5,1.21,False
454,True,ECLIPSE,7.969,-0.46,12.97,16.48,0.0,1861.6,1.31,False
455,True,ECLIPSE,7.96,-0.434,12.78,16.56,0.001,1844.0,1.77,False
456,True,ECLIPSE,7.94,-0.455,12.72,16.22,0.019,1856.1,1.68,False
457,True,ECLIPSE,7.894,-0.451,12.72,15.95,0.0,1882.6,1.95,False
458,True,ECLIPSE,7.905,-0.452,12.19,16.09,0.0,1842.3,0.82,False
459,True,ECLIPSE,7.866,-0.45,12.48,15.34,0.0,1892.7,1.61,False
460,True,ECLIPSE,7.842,-0.428,12.08,15.56,0.013,1881.5,1.4,False
461,True,ECLIPSE,7.831,-0.448,12.22,15.02,0.0,1865.3,1.34,False
462,True,ECLIPSE,7.798,-0.453,11.91,15.1,0.0,1897.8,1.57,False
463,True,ECLIPSE,7.768,-0.456,11.89,14.76,0.0,1907.2,0.51,False
464,True,ECLIPSE,7.773,-0.443,11.65,14.59,0.022,1887.8,1.62,False
465,True,ECLIPSE,7.718,-0.468,11.59,13.99,0.0,1881.9,1.56,False
466,True,ECLIPSE,7.705,-0.46,11.29,13.82,0.0,1915.5,0.78,False
467,True,ECLIPSE,7.691,-0.451,11.01,13.57,0.0,1911.3,1.44,False
468,True,ECLIPSE,7.649,-0.461,11.1,13.65,0.0,1868.4,2.25,False
469,True,ECLIPSE,7.636,-0.452,10.96,13.59,0.008,1884.3,1.29,False
470,True,ECLIPSE,7.618,-0.462,11.02,13.47,0.0,1886.7,1.78,False
471,True,ECLIPSE,7.615,-0.41,10.26,12.76,0.0,1885.6,1.37,False
472,True,ECLIPSE,7.56,-0.423,10.39,12.71,0.012,1867.9,1.08,False
473,True,ECLIPSE,7.545,-0.441,10.44,11.97,0.0,1915.6,1.03,False
474,True,ECLIPSE,7.529,-0.451,9.95,11.56,0.009,1903.1,1.29,False
475,False,NOMINAL,8.301,0.394,14.96,19.74,0.881,1906.2,2.13,False
476,False,NOMINAL,8.288,0.356,15.31,19.8,0.876,1933.7,1.89,False
477,False,NOMINAL,8.304,0.348,15.21,19.53,0.863,1899.7,1.14,False
478,False,NOMINAL,8.301,0.356,14.86,19.46,0.937,1912.2,1.98,False
479,False,NOMINAL,8.304,0.356,15.21,20.16,0.894,1921.5,1.42,False
480,False,NOMINAL,8.311,0.378,15.17,19.76,0.905,1911.4,1.14,False
481,False,NOMINAL,8.31,0.35,15.11,19.49,0.899,1920.6,1.7,False
482,False,NOMINAL,8.304,0.392,15.05,20.69,0.903,1940.3,1.03,False
483,False,NOMINAL,8.303,0.332,15.03,20.05,0.901,1929.1,0.71,False
484,False,NOMINAL,8.289,0.364,14.86,19.9,0.938,1957.5,2.13,False
485,False,NOMINAL,8.299,0.33,14.92,20.2,0.879,1921.8,0.58,False
486,False,NOMINAL,8.302,0.386,15.11,19.77,0.869,1943.1,1.75,False
487,False,NOMINAL,8.296,0.343,15.02,20.47,0.88,1916.0,0.73,False
488,False,NOMINAL,8.301,0.349,15.27,19.53,0.873,1944.0,1.47,False
489,False,NOMINAL,8.292,0.368,14.95,19.6,0.915,1936.6,1.39,False
490,False,NOMINAL,8.315,0.375,14.63,19.95,0.916,1978.9,1.27,False
491,False,NOMINAL,8.322,0.328,14.95,19.77,0.881,1970.9,0.4,False
492,False,NOMINAL,8.296,0.343,15.04,20.42,0.872,1970.1,1.43,False
493,False,NOMINAL,8.304,0.322,15.05,19.51,0.893,1998.8,1.47,False
494,False,NOMINAL,8.298,0.353,15.01,19.77,0.928,1994.9,1.04,False
495,False,NOMINAL,8.313,0.348,14.87,20.06,0.844,1985.0,1.45,False
496,False,NOMINAL,8.304,0.343,15.22,20.16,0.911,1962.2,1.98,False
497,False,NOMINAL,8.301,0.336,14.9,20.29,0.878,1951.7,1.13,False
498,False,NOMINAL,8.298,0.342,15.1,20.09,0.921,1982.0,1.61,False
499,False,NOMINAL,8.301,0.335,14.95,20.65,0.878,1979.6,0.92,False
500,False,NOMINAL,8.29,0.361,14.82,19.85,0.894,1977.9,1.68,False
501,False,NOMINAL,8.307,0.38,15.21,20.04,0.87,1988.3,1.8,False
502,False,NOMINAL,8.293,0.311,14.62,20.25,0.88,1966.4,2.71,False
503,False,NOMINAL,8.305,0.348,14.87,19.9,0.928,2029.4,1.93,False
504,False,NOMINAL,8.301,0.342,15.06,19.9,0.916,1983.6,1.7,False
505,False,NOMINAL,8.311,0.36,14.94,19.85,0.892,1996.1,2.18,False
506,False,NOMINAL,8.3,0.331,15.11,19.8,0.883,2023.3,1.0,False
507,False,NOMINAL,8.31,0.347,14.98,19.65,0.862,1985.6,2.02,False
508,False,NOMINAL,8.291,0.329,14.93,19.82,0.892,2037.3,1.22,False
509,False,NOMINAL,8.306,0.364,15.32,19.53,0.899,2041.4,1.18,False
510,False,NOMINAL,8.298,0.352,14.96,20.1,0.898,2021.5,2.03,False
511,False,NOMINAL,8.302,0.347,14.97,19.51,0.898,2010.7,1.6,False
512,False,NOMINAL,8.301,0.357,14.83,20.61,0.878,2025.8,2.14,False
513,False,NOMINAL,8.309,0.345,14.88,20.5,0.899,2003.5,0.77,False
514,False,NOMINAL,8.28,0.319,15.09,20.32,0.899,2068.2,1.62,False
515,False,NOMINAL,8.303,0.362,15.08,19.92,0.926,2046.6,1.23,False
516,False,NOMINAL,8.285,0.356,15.0,19.81,0.937,2035.2,1.36,False
517,False,NOMINAL,8.312,0.347,14.89,20.35,0.897,2035.5,0.55,False
518,False,NOMINAL,8.28,0.37,15.1,20.04,0.885,2067.0,1.95,False
519,False,NOMINAL,8.29,0.374,14.74,20.15,0.899,2088.0,1.59,False
520,False,NOMINAL,8.283,0.328,14.95,19.77,0.888,2039.0,1.0,False
521,False,NOMINAL,8.316,0.334,14.96,20.31,0.885,2055.6,0.83,False
522,False,NOMINAL,8.287,0.381,14.87,19.75,0.899,2036.5,1.06,False
523,False,NOMINAL,8.301,0.378,15.02,20.02,0.879,2085.8,2.18,False
524,False,NOMINAL,8.295,0.335,14.9,19.47,0.912,2079.3,1.44,False
525,False,NOMINAL,8.282,0.326,14.88,19.79,0.898,2122.2,1.33,False
526,False,NOMINAL,8.297,0.337,15.27,20.14,0.905,2080.3,1.73,False
527,False,NOMINAL,8.307,0.34,15.11,19.85,0.896,2077.5,1.5,False
528,False,NOMINAL,8.298,0.318,15.18,19.85,0.885,2075.4,1.6,False
529,False,NOMINAL,8.309,0.351,15.01,20.22,0.881,2107.9,1.86,False
530,False,NOMINAL,8.296,0.324,15.14,19.96,0.895,2063.9,1.65,False
531,False,NOMINAL,8.3,0.326,15.12,20.36,0.889,2111.8,1.92,False
532,False,NOMINAL,8.296,0.368,15.18,19.26,0.905,2105.1,0.91,False
533,False,NOMINAL,8.303,0.336,15.35,20.15,0.9,2093.6,1.52,False
534,False,NOMINAL,8.319,0.349,14.96,20.14,0.873,2088.8,1.32,False
535,True,ECLIPSE,8.304,-0.437,15.04,19.52,0.001,2128.5,1.55,False
536,True,ECLIPSE,8.279,-0.434,14.85,19.37,0.0,2146.3,1.47,False
537,True,ECLIPSE,8.248,-0.457,14.19,19.79,0.0,2105.1,1.18,False
538,True,ECLIPSE,8.224,-0.449,14.36,18.98,0.0,2126.0,1.32,False
539,True,ECLIPSE,8.223,-0.467,14.43,18.88,0.0,2151.3,1.96,False
540,True,ECLIPSE,8.175,-0.415,14.38,19.02,0.002,2108.8,1.22,False
541,True,ECLIPSE,8.154,-0.437,14.06,18.51,0.003,2118.0,0.88,False
542,True,ECLIPSE,8.139,-0.472,14.17,18.53,0.0,2101.8,1.79,False
543,True,ECLIPSE,8.113,-0.45,14.05,17.9,0.0,2124.1,1.97,False
544,True,ECLIPSE,8.114,-0.436,13.65,18.02,0.0,2127.3,1.36,False
545,True,ECLIPSE,8.048,-0.44,13.78,18.02,0.0,2122.8,1.56,False
546,True,ECLIPSE,8.052,-0.413,13.69,17.57,0.0,2118.5,1.08,False
547,True,ECLIPSE,8.033,-0.423,13.35,16.59,0.0,2104.2,1.4,False
548,True,ECLIPSE,7.992,-0.461,12.99,17.21,0.002,2110.4,2.04,False
549,True,ECLIPSE,7.974,-0.452,13.22,16.8,0.0,2118.9,1.89,False
550,True,ECLIPSE,7.961,-0.476,12.83,16.28,0.005,2151.1,1.57,False
551,True,ECLIPSE,7.951,-0.445,12.66,16.74,0.003,2130.6,1.36,False
552,True,ECLIPSE,7.902,-0.447,12.59,15.58,0.0,2125.4,0.7,False
553,True,ECLIPSE,7.873,-0.396,12.35,16.43,0.0,2155.2,1.65,False
554,True,ECLIPSE,7.875,-0.448,12.45,15.45,0.011,2154.5,1.72,False
555,True,ECLIPSE,7.858,-0.492,12.26,15.88,0.0,2130.5,2.01,False
556,True,ECLIPSE,7.817,-0.463,12.18,15.17,0.009,2133.9,2.49,False
557,True,ECLIPSE,7.775,-0.448,11.94,14.56,0.005,2159.2,1.68,False
558,True,ECLIPSE,7.789,-0.475,11.6,14.76,0.006,2154.3,1.97,False
559,True,ECLIPSE,7.749,-0.467,11.55,14.6,0.008,2132.1,0.95,False
560,True,ECLIPSE,7.74,-0.457,11.56,14.43,0.0,2153.2,2.09,False
561,True,ECLIPSE,7.705,-0.443,11.22,14.36,0.0,2148.5,1.92,False
562,True,ECLIPSE,7.679,-0.453,11.58,13.54,0.013,2170.6,2.17,False
563,True,ECLIPSE,7.655,-0.468,10.96,13.73,0.009,2133.2,1.83,False
564,True,ECLIPSE,7.652,-0.434,10.77,13.58,0.004,2166.7,1.72,False
565,True,ECLIPSE,7.629,-0.461,10.89,13.05,0.0,2158.2,2.22,False
566,True,ECLIPSE,7.57,-0.46,10.68,12.62,0.011,2130.8,1.18,False
567,True,ECLIPSE,7.559,-0.478,10.42,12.38,0.023,2170.0,1.82,False
568,True,ECLIPSE,7.563,-0.466,10.25,12.66,0.02,2167.0,2.03,False
569,True,ECLIPSE,7.519,-0.437,10.21,12.45,0.005,2124.3,1.12,False
570,False,NOMINAL,8.286,0.318,15.13,19.74,0.869,2186.8,0.94,False
571,False,NOMINAL,8.3,0.349,15.11,19.58,0.919,2126.7,1.71,False
572,False,NOMINAL,8.299,0.364,14.95,20.35,0.897,2130.5,1.56,False
573,False,NOMINAL,8.299,0.342,15.06,19.52,0.849,2141.2,1.8,False
574,False,NOMINAL,8.295,0.355,15.13,20.03,0.908,2161.3,1.82,False
575,False,NOMINAL,8.297,0.328,15.11,19.74,0.87,2156.9,1.13,False
576,False,NOMINAL,8.295,0.376,14.54,19.46,0.874,2143.0,1.67,False
577,False,NOMINAL,8.303,0.372,14.87,20.02,0.887,2169.9,2.05,False
578,False,NOMINAL,8.292,0.355,14.88,19.93,0.925,2150.5,1.33,False
579,False,NOMINAL,8.297,0.315,14.97,20.41,0.893,2168.2,1.37,False
580,False,NOMINAL,8.299,0.329,15.03,20.66,0.905,2194.1,0.95,False
581,False,NOMINAL,8.313,0.37,15.14,19.93,0.935,2142.6,1.9,False
582,False,NOMINAL,8.304,0.384,15.09,20.29,0.932,2088.1,2.46,False
583,False,NOMINAL,8.299,0.356,14.98,20.3,0.898,2127.2,0.84,False
584,False,NOMINAL,8.305,0.375,15.0,19.83,0.895,2113.6,1.88,False
585,False,NOMINAL,8.304,0.338,15.26,19.72,0.875,2134.3,1.95,False
586,False,NOMINAL,8.311,0.346,14.91,20.46,0.886,2132.6,1.23,False
587,False,NOMINAL,8.305,0.35,15.05,19.87,0.909,2105.3,1.32,False
588,False,NOMINAL,8.318,0.358,15.23,19.98,0.908,2104.7,1.0,False
589,False,NOMINAL,8.313,0.319,15.05,19.9,0.902,2119.8,1.12,False
590,False,NOMINAL,8.3,0.369,14.69,19.94,0.92,2118.9,1.59,False
591,False,NOMINAL,8.296,0.376,15.06,19.8,0.885,2070.5,1.82,False
592,False,NOMINAL,8.309,0.327,14.94,20.21,0.899,2136.9,1.56,False
593,False,NOMINAL,8.305,0.323,14.98,20.36,0.915,2116.5,1.92,False
594,False,NOMINAL,8.299,0.357,15.16,19.87,0.912,2113.3,1.61,False
595,False,NOMINAL,8.285,0.337,15.07,19.57,0.921,2116.7,0.94,False
596,False,NOMINAL,8.282,0.303,14.96,20.0,0.908,2088.7,2.22,False
597,False,NOMINAL,8.303,0.366,15.13,19.54,0.894,2104.8,2.09,False
598,False,NOMINAL,8.308,0.353,15.07,19.79,0.907,2123.1,1.16,False
599,False,NOMINAL,8.308,0.34,15.02,20.35,0.88,2121.1,2.37,False
600,False,NOMINAL,8.287,0.392,15.05,20.68,0.867,2106.5,1.74,False
601,False,NOMINAL,8.31,0.353,15.04,20.1,0.912,2089.3,1.57,False
602,False,NOMINAL,8.295,0.335,14.95,19.67,0.899,2075.9,2.44,False
603,False,NOMINAL,8.304,0.352,14.93,20.22,0.906,2114.2,0.29,False
604,False,NOMINAL,8.304,0.329,15.0,19.31,0.866,2095.8,0.73,False
605,False,NOMINAL,8.292,0.335,14.86,19.78,0.893,2074.4,1.86,False
606,False,NOMINAL,8.294,0.358,14.81,20.44,0.888,2037.4,1.39,False
607,False,NOMINAL,8.279,0.339,15.2,20.21,0.883,2059.4,1.05,False
608,False,NOMINAL,8.291,0.341,14.96,19.57,0.855,2035.6,2.25,False
609,False,NOMINAL,8.282,0.383,15.0,19.49,0.893,2093.8,1.75,False
610,False,NOMINAL,8.304,0.367,14.98,20.24,0.918,2070.0,0.89,False
611,False,NOMINAL,8.301,0.366,15.0,19.97,0.908,2048.5,1.19,False
612,False,NOMINAL,8.309,0.361,15.0,19.81,0.888,2054.1,1.92,False
613,False,NOMINAL,8.304,0.36,15.01,20.11,0.9,2106.6,2.38,False
614,False,NOMINAL,8.294,0.379,14.88,19.81,0.915,2076.2,0.54,False
615,False,NOMINAL,8.303,0.35,15.14,19.41,0.845,2022.9,1.63,False
616,False,NOMINAL,8.296,0.387,14.9,20.22,0.898,2042.9,1.33,False
617,False,NOMINAL,8.306,0.331,15.16,19.79,0.911,2017.9,0.66,False
618,False,NOMINAL,8.303,0.345,14.71,19.68,0.914,2004.6,1.43,False
619,False,NOMINAL,8.29,0.322,14.84,19.59,0.934,2038.0,0.73,False
620,False,NOMINAL,8.3,0.343,15.15,20.06,0.923,2078.1,1.25,False
621,False,NOMINAL,8.301,0.36,14.98,19.74,0.906,2057.8,2.3,False
622,False,NOMINAL,8.297,0.379,14.9,20.17,0.906,2024.4,1.76,False
623,False,NOMINAL,8.309,0.337,15.06,19.9,0.916,2012.5,1.89,False
624,False,NOMINAL,8.317,0.35,14.84,20.31,0.889,2020.1,1.81,False
625,False,NOMINAL,8.296,0.343,15.01,19.87,0.899,2032.7,1.69,False
626,False,NOMINAL,8.296,0.335,14.67,19.79,0.918,1980.1,1.99,False
627,False,NOMINAL,8.278,0.326,14.93,19.4,0.939,1968.3,0.95,False
628,False,NOMINAL,8.299,0.351,14.9,19.66,0.897,2038.1,1.34,False
629,False,NOMINAL,8.296,0.315,15.08,20.2,0.899,2002.9,1.93,False
630,True,ECLIPSE,8.278,-0.448,15.13,20.9,0.004,2025.2,1.16,False
631,True,ECLIPSE,8.28,-0.45,14.73,19.38,0.027,1994.6,1.3,False
632,True,ECLIPSE,8.26,-0.463,14.96,19.22,0.0,2015.2,2.1,False
633,True,ECLIPSE,8.224,-0.47,14.48,19.4,0.029,1970.5,2.26,False
634,True,ECLIPSE,8.205,-0.478,14.12,19.21,0.0,1988.6,1.22,False
635,True,ECLIPSE,8.176,-0.413,13.93,18.64,0.0,2005.6,1.12,False
636,True,ECLIPSE,8.17,-0.477,14.37,18.64,0.0,1991.5,1.8,False
637,True,ECLIPSE,8.125,-0.419,13.99,17.9,0.016,1958.6,1.65,False
638,True,ECLIPSE,8.114,-0.438,13.76,18.07,0.021,1981.7,1.19,False
639,True,ECLIPSE,8.114,-0.457,13.6,18.2,0.0,1947.3,1.81,False
640,True,ECLIPSE,8.072,-0.473,13.41,18.19,0.0,1928.7,1.79,False
641,True,ECLIPSE,8.053,-0.429,13.63,17.42,0.007,1963.6,1.56,False
642,True,ECLIPSE,8.024,-0.415,13.27,17.16,0.0,1977.3,2.95,False
643,True,ECLIPSE,7.991,-0.469,13.41,17.15,0.0,1962.9,2.18,False
644,True,ECLIPSE,7.98,-0.456,12.97,17.11,0.021,1917.8,1.92,False
645,True,ECLIPSE,7.961,-0.429,12.5,16.7,0.01,1956.4,2.02,False
646,True,ECLIPSE,7.924,-0.443,12.84,16.1,0.01,1949.3,2.96,False
647,True,ECLIPSE,7.915,-0.41,12.52,16.2,0.0,1923.4,2.06,False
648,True,ECLIPSE,7.901,-0.461,12.39,16.16,0.021,1880.0,1.17,False
649,True,ECLIPSE,7.876,-0.439,12.52,15.43,0.0,1945.9,1.68,False
650,True,ECLIPSE,7.827,-0.475,12.1,15.01,0.022,1940.2,1.56,False
651,True,ECLIPSE,7.81,-0.408,12.17,15.34,0.0,1929.3,1.24,False
652,True,ECLIPSE,7.781,-0.465,11.86,15.06,0.0,1882.0,1.65,False
653,True,ECLIPSE,7.785,-0.494,11.6,15.02,0.004,1883.7,1.64,False
654,True,ECLIPSE,7.758,-0.453,11.65,14.52,0.0,1930.2,1.49,False
655,True,ECLIPSE,7.736,-0.453,11.34,14.08,0.014,1923.1,1.28,False
656,True,ECLIPSE,7.697,-0.412,11.47,13.91,0.005,1914.1,1.93,False
657,True,ECLIPSE,7.671,-0.457,11.29,13.51,0.0,1896.5,0.74,False
658,True,ECLIPSE,7.661,-0.45,11.01,13.3,0.001,1906.4,1.92,False
659,True,ECLIPSE,7.638,-0.438,10.95,13.19,0.0,1885.1,1.53,False
660,True,ECLIPSE,7.606,-0.418,10.8,12.98,0.018,1887.0,1.65,False
661,True,ECLIPSE,7.593,-0.451,10.53,13.23,0.0,1873.4,0.36,False
662,True,ECLIPSE,7.575,-0.429,10.56,12.3,0.0,1893.2,2.34,False
663,True,ECLIPSE,7.548,-0.44,10.25,12.43,0.024,1877.3,0.68,False
664,True,ECLIPSE,7.512,-0.456,10.24,12.04,0.045,1902.2,1.1,False
665,False,NOMINAL,8.279,0.352,14.86,20.43,0.94,1895.2,1.84,False
666,False,NOMINAL,8.297,0.351,15.02,20.06,0.901,1862.5,1.22,False
667,False,NOMINAL,8.302,0.332,15.06,19.87,0.904,1913.0,1.32,False
668,False,NOMINAL,8.297,0.374,14.88,20.23,0.931,1852.1,0.43,False
669,False,NOMINAL,8.296,0.322,14.94,20.0,0.898,1881.4,1.31,False
670,False,NOMINAL,8.293,0.373,14.92,19.84,0.88,1892.0,1.63,False
671,False,NOMINAL,8.307,0.369,15.11,20.44,0.902,1894.1,1.85,False
672,False,NOMINAL,8.299,0.348,14.89,20.2,0.909,1822.9,1.38,False
673,False,NOMINAL,8.301,0.335,15.07,20.5,0.883,1885.1,1.63,False
674,False,NOMINAL,8.29,0.345,15.23,20.33,0.867,1887.9,1.74,False
675,False,NOMINAL,8.294,0.359,15.05,20.22,0.871,1890.7,1.19,False
676,False,NOMINAL,8.302,0.365,14.76,20.03,0.913,1816.3,1.15,False
677,False,NOMINAL,8.29,0.356,15.02,19.66,0.885,1845.8,2.48,False
678,False,NOMINAL,8.287,0.37,15.16,20.2,0.897,1856.1,1.11,False
679,False,NOMINAL,8.297,0.339,14.96,20.01,0.904,1848.0,2.13,False
680,False,NOMINAL,8.312,0.355,15.17,20.19,0.912,1882.5,1.56,False
681,False,NOMINAL,8.302,0.319,15.09,19.98,0.893,1841.3,2.24,False
682,False,NOMINAL,8.315,0.365,15.06,19.78,0.91,1878.4,1.21,False
683,False,NOMINAL,8.299,0.353,14.96,19.69,0.882,1864.3,1.78,False
684,False,NOMINAL,8.297,0.342,14.92,20.2,0.893,1823.4,1.68,False
685,False,NOMINAL,8.286,0.373,14.96,20.37,0.88,1832.0,1.41,False
686,False,NOMINAL,8.294,0.364,15.01,19.9,0.923,1841.9,1.67,False
687,False,NOMINAL,8.314,0.294,15.08,20.12,0.899,1852.7,1.15,False
688,False,NOMINAL,8.303,0.351,15.06,20.4,0.885,1870.3,1.48,False
689,False,NOMINAL,8.307,0.321,14.96,19.74,0.893,1846.6,1.33,False
690,False,NOMINAL,8.307,0.371,15.01,19.89,0.896,1868.2,1.9,False
691,False,NOMINAL,8.3,0.4,15.06,19.65,0.914,1818.5,1.48,False
692,False,NOMINAL,8.298,0.34,14.76,20.34,0.868,1789.1,0.84,False
693,False,NOMINAL,8.301,0.351,14.89,20.07,0.879,1843.4,1.34,False
694,False,NOMINAL,8.307,0.345,14.88,19.85,0.892,1859.5,1.47,False
695,False,NOMINAL,8.305,0.357,14.97,19.49,0.951,1843.5,1.08,False
696,False,NOMINAL,8.305,0.363,14.96,19.93,0.919,1830.9,2.17,False
697,False,NOMINAL,8.302,0.376,14.96,20.28,0.898,1860.0,1.72,False
698,False,NOMINAL,8.292,0.33,14.87,19.9,0.914,1890.9,1.94,False
699,False,NOMINAL,8.297,0.381,15.1,19.86,0.941,1850.8,1.15,False
700,False,COMM,8.291,0.331,15.04,20.18,0.895,1839.1,1.33,True
701,False,COMM,8.31,0.356,14.76,19.62,0.893,1837.6,2.02,True
702,False,COMM,8.279,0.373,15.0,20.0,0.924,1894.8,0.82,True
703,False,COMM,8.298,0.364,14.83,20.17,0.91,1855.7,1.7,True
704,False,COMM,8.324,0.331,15.26,19.76,0.913,1869.9,1.57,True
705,False,COMM,8.297,0.336,14.93,19.74,0.89,1883.3,1.28,True
706,False,COMM,8.289,0.341,14.94,20.06,0.938,1881.8,1.57,True
707,False,COMM,8.3,0.349,15.01,19.96,0.934,1843.2,1.0,True
708,False,COMM,8.313,0.373,14.97,19.92,0.911,1882.2,1.63,True
709,False,NOMINAL,8.298,0.324,14.99,20.05,0.914,1881.6,0.93,False
710,False,NOMINAL,8.306,0.359,15.23,20.05,0.859,1876.1,0.9,False
711,False,NOMINAL,8.301,0.362,15.04,19.71,0.913,1888.3,2.21,False
712,False,NOMINAL,8.296,0.361,15.13,19.79,0.896,1858.7,1.18,False
713,False,NOMINAL,8.332,0.359,15.17,20.12,0.909,1870.3,0.49,False
714,False,NOMINAL,8.301,0.38,14.86,20.32,0.914,1863.3,2.0,False
715,False,NOMINAL,8.295,0.36,15.26,20.39,0.893,1891.0,1.14,False
716,False,NOMINAL,8.295,0.367,15.11,19.74,0.866,1865.0,0.21,False
717,False,NOMINAL,8.304,0.361,15.15,20.31,0.907,1888.1,1.49,False
718,False,NOMINAL,8.304,0.386,14.87,20.21,0.885,1860.7,1.98,False
719,False,NOMINAL,8.308,0.312,15.13,19.98,0.893,1882.5,1.7,False
720,False,NOMINAL,8.301,0.376,15.06,20.13,0.888,1880.1,2.37,False
721,False,NOMINAL,8.286,0.345,14.92,20.24,0.893,1887.6,1.46,False
722,False,NOMINAL,8.305,0.344,15.35,20.52,0.854,1895.1,1.82,False
723,False,NOMINAL,8.297,0.331,15.09,19.68,0.924,1891.4,1.03,False
724,False,NOMINAL,8.297,0.313,14.97,20.17,0.905,1893.4,1.6,False
725,True,ECLIPSE,8.285,-0.458,15.03,19.95,0.022,1859.2,2.28,False
726,True,ECLIPSE,8.271,-0.464,15.0,19.7,0.04,1925.5,1.77,False
727,True,ECLIPSE,8.247,-0.44,14.89,19.87,0.0,1893.9,1.6,False
728,True,ECLIPSE,8.231,-0.479,14.66,19.55,0.0,1904.4,0.55,False
729,True,ECLIPSE,8.194,-0.421,14.61,18.77,0.0,1895.7,1.34,False
730,True,ECLIPSE,8.186,-0.445,14.51,18.76,0.0,1935.3,0.89,False
731,True,ECLIPSE,8.164,-0.455,13.96,18.69,0.0,1900.4,1.91,False
732,True,ECLIPSE,8.129,-0.464,13.93,17.97,0.002,1931.7,1.16,False
733,True,ECLIPSE,8.111,-0.466,13.72,18.42,0.0,1948.4,1.7,False
734,True,ECLIPSE,8.086,-0.473,13.73,17.91,0.007,1961.1,1.03,False
735,True,ECLIPSE,8.081,-0.461,13.79,17.75,0.0,1955.2,2.45,False
736,True,ECLIPSE,8.023,-0.45,13.53,17.58,0.006,1947.2,0.95,False
737,True,ECLIPSE,8.022,-0.454,13.13,17.78,0.0,1914.3,1.59,False
738,True,ECLIPSE,7.986,-0.478,13.1,17.03,0.0,1967.5,2.82,False
739,True,ECLIPSE,7.976,-0.455,13.16,16.68,0.0,1968.9,1.63,False
740,True,ECLIPSE,7.966,-0.468,12.78,17.08,0.0,1965.4,1.09,False
741,True,ECLIPSE,7.928,-0.447,12.7,16.18,0.0,1968.3,1.83,False
742,True,ECLIPSE,7.913,-0.413,12.62,15.95,0.0,1957.3,2.01,False
743,True,ECLIPSE,7.88,-0.437,12.16,15.46,0.0,1949.1,1.95,False
744,True,ECLIPSE,7.885,-0.456,12.41,15.97,0.037,1984.6,0.55,False
745,True,ECLIPSE,7.852,-0.482,12.2,15.5,0.04,1992.1,1.63,False
746,True,ECLIPSE,7.831,-0.478,12.09,15.33,0.026,1949.6,0.48,False
747,True,ECLIPSE,7.784,-0.484,11.71,15.01,0.014,1992.3,2.46,False
748,True,ECLIPSE,7.763,-0.435,11.6,14.69,0.0,1982.7,1.56,False
749,True,ECLIPSE,7.762,-0.465,11.48,14.27,0.029,1999.2,1.3,False
750,True,ECLIPSE,7.727,-0.449,11.47,14.04,0.0,1990.7,1.86,False
751,True,ECLIPSE,7.703,-0.462,11.3,14.18,0.0,2011.2,1.76,False
752,True,ECLIPSE,7.686,-0.448,11.17,13.86,0.0,2013.2,0.94,False
753,True,ECLIPSE,7.647,-0.422,11.27,14.08,0.002,2014.2,2.32,False
754,True,ECLIPSE,7.645,-0.464,11.06,13.14,0.0,1972.8,1.4,False
755,True,ECLIPSE,7.614,-0.457,10.61,12.99,0.0,2020.5,0.66,False
756,True,ECLIPSE,7.596,-0.466,10.48,12.6,0.0,2008.8,2.21,False
757,True,ECLIPSE,7.562,-0.433,10.69,13.09,0.0,1989.1,2.28,False
758,True,ECLIPSE,7.551,-0.471,10.24,12.08,0.046,2029.4,2.14,False
759,True,ECLIPSE,7.516,-0.473,10.35,12.45,0.0,1991.8,1.79,False
760,False,NOMINAL,8.31,0.322,15.24,20.42,0.895,2040.6,1.08,False
761,False,NOMINAL,8.311,0.322,14.92,19.95,0.911,2060.2,1.99,False
762,False,NOMINAL,8.309,0.359,14.96,20.21,0.914,2020.2,2.44,False
763,False,NOMINAL,8.305,0.401,15.02,19.36,0.878,2052.2,1.93,False
764,False,NOMINAL,8.306,0.33,14.87,19.88,0.896,2046.5,2.32,False
765,False,NOMINAL,8.273,0.369,14.86,19.5,0.918,2054.1,1.14,False
766,False,NOMINAL,8.308,0.355,14.94,20.04,0.905,2017.9,2.03,False
767,False,NOMINAL,8.297,0.328,15.13,19.99,0.902,2060.4,1.99,False
768,False,NOMINAL,8.301,0.344,14.94,19.76,0.931,2054.5,0.79,False
769,False,NOMINAL,8.297,0.345,14.97,20.27,0.886,2070.1,0.72,False
770,False,NOMINAL,8.286,0.336,14.93,20.1,0.902,2059.1,1.17,False
771,False,NOMINAL,8.295,0.389,14.8,19.84,0.89,2084.1,1.57,False
772,False,NOMINAL,8.307,0.312,15.23,19.84,0.93,2071.2,1.75,False
773,False,NOMINAL,8.314,0.358,14.65,19.56,0.861,2082.6,1.41,False
774,False,NOMINAL,8.294,0.357,14.9,19.94,0.887,2099.6,1.49,False
775,False,NOMINAL,8.291,0.338,15.09,20.62,0.889,2079.3,1.47,False
776,False,NOMINAL,8.315,0.353,14.79,19.78,0.913,2098.7,1.57,False
777,False,NOMINAL,8.291,0.368,15.09,20.12,0.912,2086.6,1.81,False
778,False,NOMINAL,8.321,0.353,15.19,19.83,0.928,2095.6,1.77,False
779,False,NOMINAL,8.301,0.358,14.87,20.23,0.869,2077.9,1.5,False
780,False,NOMINAL,8.291,0.364,15.03,20.12,0.915,2106.7,1.65,False
781,False,NOMINAL,8.31,0.309,14.84,19.92,0.894,2118.6,1.3,False
782,False,NOMINAL,8.317,0.38,15.08,19.46,0.887,2095.6,1.92,False
783,False,NOMINAL,8.286,0.396,15.02,19.84,0.911,2115.8,1.28,False
784,False,NOMINAL,8.316,0.37,15.04,20.35,0.882,2111.3,2.34,False
785,False,NOMINAL,8.297,0.37,15.21,19.92,0.858,2083.7,1.51,False
786,False,NOMINAL,8.315,0.322,15.07,20.18,0.893,2115.2,1.66,False
787,False,NOMINAL,8.296,0.348,15.2,19.85,0.87,2136.9,1.15,False
788,False,NOMINAL,8.284,0.334,15.1,19.44,0.887,2103.8,1.36,False
789,False,NOMINAL,8.305,0.338,14.82,20.12,0.907,2080.6,1.61,False
790,False,NOMINAL,8.309,0.369,15.04,20.09,0.906,2122.2,1.54,False
791,False,NOMINAL,8.321,0.334,15.08,19.82,0.932,2107.8,1.22,False
792,False,NOMINAL,8.317,0.347,14.79,19.88,0.896,2160.1,0.95,False
793,False,NOMINAL,8.307,0.312,15.2,20.08,0.869,2124.0,1.55,False
794,False,NOMINAL,8.298,0.347,15.01,19.82,0.885,2126.8,1.6,False
795,False,NOMINAL,8.295,0.352,15.06,20.1,0.882,2116.5,1.8,False
796,False,NOMINAL,8.297,0.336,14.87,19.93,0.876,2135.7,2.15,False
797,False,NOMINAL,8.292,0.336,15.01,19.29,0.909,2121.5,1.37,False
798,False,NOMINAL,8.297,0.388,15.05,19.95,0.887,2116.6,0.54,False
799,False,NOMINAL,8.275,0.326,14.95,19.82,0.86,2134.8,1.46,False
800,False,NOMINAL,8.302,0.329,15.01,19.74,0.914,2121.7,0.61,False
801,False,NOMINAL,8.3,0.334,14.68,20.11,0.898,2165.1,0.89,False
802,False,NOMINAL,8.326,0.374,15.21,19.85,0.907,2117.6,2.04,False
803,False,NOMINAL,8.308,0.392,14.84,20.15,0.902,2140.4,1.81,False
804,False,NOMINAL,8.295,0.357,14.68,20.32,0.913,2129.5,1.21,False
805,False,NOMINAL,8.306,0.336,14.86,20.04,0.901,2117.1,1.21,False
806,False,NOMINAL,8.288,0.341,14.88,19.53,0.925,2177.9,1.48,False
807,False,NOMINAL,8.294,0.371,15.08,19.78,0.908,2104.9,0.66,False
808,False,NOMINAL,8.281,0.332,14.87,20.26,0.908,2175.6,1.77,False
809,False,NOMINAL,8.314,0.379,15.05,19.92,0.908,2120.1,1.35,False
810,False,NOMINAL,8.306,0.378,14.86,19.75,0.871,2150.3,2.44,False
811,False,NOMINAL,8.288,0.351,15.33,19.97,0.897,2193.6,1.0,False
812,False,NOMINAL,8.299,0.363,15.08,20.14,0.895,2107.8,2.03,False
813,False,NOMINAL,8.309,0.365,15.3,20.07,0.904,2123.1,1.19,False
814,False,NOMINAL,8.305,0.381,14.85,20.18,0.873,2176.1,2.03,False
815,False,NOMINAL,8.304,0.329,15.1,19.75,0.933,2153.9,1.04,False
816,False,NOMINAL,8.291,0.374,14.86,19.91,0.902,2140.0,1.89,False
817,False,NOMINAL,8.294,0.342,15.09,19.92,0.876,2150.1,1.31,False
818,False,NOMINAL,8.301,0.335,15.1,19.99,0.866,2131.7,1.12,False
819,False,NOMINAL,8.309,0.352,14.76,19.37,0.894,2152.9,1.45,False
820,True,ECLIPSE,8.292,-1.004,16.83,19.92,0.0,2179.5,1.76,False
821,True,ECLIPSE,8.258000000000001,-1.02,17.13,19.37,0.0,2142.4,1.73,False
822,True,ECLIPSE,8.25,-1.032,17.39,19.95,0.002,2152.2,2.31,False
823,True,ECLIPSE,8.198,-1.0190000000000001,17.810000000000002,19.77,0.0,2172.5,1.94,False
824,True,ECLIPSE,8.187,-0.9710000000000001,18.09,19.58,0.011,2187.3,0.22,False
825,True,ECLIPSE,8.148000000000001,-0.9610000000000001,18.32,19.09,0.0,2136.0,1.33,False
826,True,ECLIPSE,8.124,-0.9870000000000001,18.86,18.48,0.0,2152.7,0.54,False
827,True,ECLIPSE,8.101,-0.976,19.23,18.68,0.02,2134.8,1.34,False
828,True,ECLIPSE,8.06,-1.01,19.259999999999998,18.11,0.051,2132.2,1.84,False
829,True,ECLIPSE,8.030000000000001,-1.002,19.68,18.12,0.0,2136.0,0.86,False
830,True,ECLIPSE,7.981999999999999,-0.994,20.07,17.44,0.0,2130.2,0.94,False
831,True,ECLIPSE,7.954,-1.022,20.35,17.31,0.0,2107.4,1.6,False
832,True,ECLIPSE,7.936,-1.02,20.58,17.39,0.016,2101.0,1.38,False
833,True,ECLIPSE,7.914000000000001,-0.998,21.12,17.55,0.0,2124.3,2.32,False
834,True,ECLIPSE,7.882,-1.006,21.43,16.79,0.0,2139.7,1.69,False
835,True,ECLIPSE,7.86,-1.021,21.71,17.23,0.0,2159.3,1.79,False
836,True,ECLIPSE,7.809,-0.992,21.88,17.15,0.0,2123.4,2.4,False
837,True,ECLIPSE,7.777,-1.0050000000000001,22.52,15.73,0.0,2128.7,1.28,False
838,True,ECLIPSE,7.755,-0.98,22.79,15.87,0.0,2143.1,1.53,False
839,True,ECLIPSE,7.7139999999999995,-1.0,22.78,15.37,0.0,2142.7,1.03,False
840,True,ECLIPSE,7.6819999999999995,-1.006,23.130000000000003,15.38,0.0,2124.0,1.66,False
841,True,ECLIPSE,7.6419999999999995,-0.9970000000000001,23.630000000000003,15.04,0.0,2123.1,2.04,False
842,True,ECLIPSE,7.631,-1.0030000000000001,23.64,14.95,0.003,2158.6,2.21,False
843,True,ECLIPSE,7.58,-1.0130000000000001,24.13,15.02,0.0,2113.1,1.51,False
844,True,ECLIPSE,7.5649999999999995,-1.008,24.380000000000003,14.79,0.0,2107.8,1.17,False
845,True,ECLIPSE,7.514,-0.9850000000000001,24.57,14.36,0.0,2083.1,1.15,False
846,True,ECLIPSE,7.5089999999999995,-0.9870000000000001,24.950000000000003,14.05,0.016,2121.0,0.83,False
847,True,ECLIPSE,7.457,-0.974,25.060000000000002,13.86,0.011,2104.8,1.59,False
848,True,ECLIPSE,7.444,-1.034,25.52,13.63,0.0,2144.8,2.21,False
849,True,ECLIPSE,7.389,-1.008,25.61,13.54,0.0,2098.2,0.35,False
850,True,ECLIPSE,7.37,-1.008,26.560000000000002,13.14,0.013,2117.9,0.44,False
851,True,ECLIPSE,7.3549999999999995,-0.9970000000000001,26.75,13.06,0.0,2117.5,2.23,False
852,True,ECLIPSE,7.305,-1.0090000000000001,27.009999999999998,12.29,0.0,2128.6,0.73,False
853,True,ECLIPSE,7.282,-1.01,27.18,12.69,0.0,2067.7,1.69,False
854,True,ECLIPSE,7.2459999999999996,-0.984,27.59,12.74,0.029,2121.1,0.9,False
855,False,NOMINAL,8.277,0.354,15.19,20.05,0.904,2087.7,1.92,False
856,False,NOMINAL,8.303,0.327,15.15,19.58,0.923,2082.3,1.92,False
857,False,NOMINAL,8.304,0.377,15.14,20.4,0.89,2075.1,1.61,False
858,False,NOMINAL,8.289,0.37,14.86,19.9,0.919,2070.2,1.94,False
859,False,NOMINAL,8.306,0.339,15.07,19.11,0.888,2068.0,1.56,False
860,False,NOMINAL,8.292,0.367,14.92,19.93,0.897,2025.8,1.81,False
861,False,NOMINAL,8.29,0.335,14.82,20.18,0.95,2078.1,2.44,False
862,False,NOMINAL,8.3,0.373,14.83,20.11,0.915,2066.0,2.08,False
863,False,NOMINAL,8.293,0.346,15.07,20.36,0.89,2042.7,1.2,False
864,False,NOMINAL,8.323,0.334,15.16,20.18,0.898,2056.6,1.13,False
865,False,NOMINAL,8.284,0.343,14.8,20.03,0.907,2099.4,1.41,False
866,False,NOMINAL,8.307,0.335,15.26,19.41,0.924,2058.3,1.42,False
867,False,NOMINAL,8.31,0.354,15.22,19.67,0.89,2039.8,1.57,False
868,False,NOMINAL,8.28,0.354,14.94,20.05,0.865,2077.2,1.23,False
869,False,NOMINAL,8.283,0.351,14.93,20.2,0.894,2024.6,1.86,False
870,False,NOMINAL,8.306,0.339,14.99,19.69,0.9,2033.5,1.55,False
871,False,NOMINAL,8.295,0.277,15.15,19.81,0.902,2022.1,1.71,False
872,False,NOMINAL,8.304,0.352,14.94,20.14,0.926,2024.6,1.54,False
873,False,NOMINAL,8.311,0.312,14.83,19.43,0.906,2039.8,1.84,False
874,False,NOMINAL,8.296,0.355,15.05,19.42,0.916,2033.1,0.94,False
875,False,NOMINAL,8.289,0.373,14.69,19.93,0.878,2003.8,2.32,False
876,False,NOMINAL,8.273,0.355,15.02,20.07,0.917,2011.8,1.71,False
877,False,NOMINAL,8.302,0.342,15.17,19.85,0.942,2012.3,1.76,False
878,False,NOMINAL,8.291,0.346,15.05,19.32,0.915,1998.9,1.84,False
879,False,NOMINAL,8.303,0.347,15.12,20.0,0.905,2002.4,2.08,False
880,False,NOMINAL,8.302,0.339,15.07,19.6,0.903,1985.3,1.9,False
881,False,NOMINAL,8.286,0.338,15.11,20.19,0.936,1981.2,1.65,False
882,False,NOMINAL,8.317,0.332,15.02,19.97,0.881,1992.7,1.44,False
883,False,NOMINAL,8.311,0.374,14.88,20.07,0.898,1968.0,0.71,False
884,False,NOMINAL,8.308,0.35,14.97,20.19,0.909,1992.5,1.64,False
885,False,NOMINAL,8.288,0.369,14.99,19.84,0.915,1976.9,1.38,False
886,False,NOMINAL,8.296,0.345,15.19,20.24,0.891,1959.0,1.38,False
887,False,NOMINAL,8.295,0.351,15.24,20.37,0.906,1961.3,2.74,False
888,False,NOMINAL,8.296,0.347,15.06,20.11,0.894,1960.2,0.61,False
889,False,NOMINAL,8.289,0.359,14.89,20.39,0.902,1962.8,1.56,False
890,False,NOMINAL,8.304,0.367,14.89,19.81,0.897,1964.5,2.14,False
891,False,NOMINAL,8.302,0.355,14.97,20.27,0.877,1954.6,2.02,False
892,False,NOMINAL,8.304,0.337,15.21,20.08,0.9,1938.1,2.16,False
893,False,NOMINAL,8.295,0.334,15.05,19.7,0.918,1979.4,0.9,False
894,False,NOMINAL,8.313,0.383,14.99,19.97,0.881,1965.6,1.06,False
895,False,NOMINAL,8.302,0.344,14.89,19.84,0.895,1946.6,1.85,False
896,False,NOMINAL,8.273,0.344,15.13,19.83,0.913,1959.5,1.39,False
897,False,NOMINAL,8.294,0.379,15.04,20.02,0.879,1943.9,2.39,False
898,False,NOMINAL,8.299,0.372,14.99,20.31,0.904,1929.1,1.65,False
899,False,NOMINAL,8.31,0.361,15.02,19.9,0.879,1932.5,1.64,False
900,False,NOMINAL,8.297,0.342,15.25,20.03,0.923,1979.4,1.76,False
901,False,NOMINAL,8.297,0.397,14.98,19.56,0.946,1943.6,1.4,False
902,False,NOMINAL,8.293,0.358,15.25,20.03,0.94,1941.3,1.6,False
903,False,NOMINAL,8.307,0.361,15.19,20.34,0.896,1910.3,1.2,False
904,False,NOMINAL,8.296,0.347,15.01,20.24,0.915,1926.5,1.52,False
905,False,NOMINAL,8.294,0.322,15.13,20.14,0.902,1955.6,1.3,False
906,False,NOMINAL,8.293,0.323,14.98,19.84,0.902,1917.1,1.67,False
907,False,NOMINAL,8.306,0.358,14.88,19.71,0.931,1926.7,0.83,False
908,False,NOMINAL,8.295,0.358,14.96,19.97,0.874,1927.4,0.8,False
909,False,NOMINAL,8.283,0.345,14.86,19.6,0.921,1912.6,1.77,False
910,False,NOMINAL,8.306,0.327,15.08,19.63,0.899,1928.0,1.65,False
911,False,NOMINAL,8.293,0.321,15.0,20.28,0.928,1899.2,1.06,False
912,False,NOMINAL,8.304,0.343,15.09,19.72,0.904,1901.7,1.43,False
913,False,NOMINAL,8.304,0.321,15.12,20.53,0.887,1877.3,1.02,False
914,False,NOMINAL,8.312,0.368,14.53,19.57,0.906,1938.2,2.56,False
915,True,ECLIPSE,8.31,-0.427,15.05,20.12,0.015,1890.5,0.76,False
916,True,ECLIPSE,8.271,-0.393,14.59,19.42,0.001,1884.4,2.4,False
917,True,ECLIPSE,8.253,-0.432,14.74,19.59,0.01,1906.9,1.13,False
918,True,ECLIPSE,8.219,-0.462,14.44,19.0,0.0,1868.4,1.75,False
919,True,ECLIPSE,8.225,-0.467,14.44,19.09,0.0,1875.6,1.41,False
920,True,ECLIPSE,8.19,-0.519,14.49,18.81,0.018,1858.5,1.35,False
921,True,ECLIPSE,8.177,-0.462,13.89,18.49,0.014,1872.1,2.01,False
922,True,ECLIPSE,8.137,-0.454,14.03,18.55,0.003,1862.3,1.95,False
923,True,ECLIPSE,8.097,-0.431,13.85,18.62,0.001,1878.5,1.4,False
924,True,ECLIPSE,8.11,-0.438,13.43,17.76,0.021,1863.8,1.09,False
925,True,ECLIPSE,8.072,-0.438,13.67,17.97,0.0,1853.1,2.58,False
926,True,ECLIPSE,8.05,-0.446,13.43,17.51,0.0,1857.4,2.25,False
927,True,ECLIPSE,8.026,-0.437,13.21,17.24,0.0,1859.3,1.61,False
928,True,ECLIPSE,8.009,-0.421,13.03,17.68,0.024,1850.4,1.4,False
929,True,ECLIPSE,7.985,-0.471,13.48,16.15,0.0,1877.1,1.69,False
930,True,ECLIPSE,7.941,-0.459,12.8,16.37,0.024,1870.8,1.59,False
931,True,ECLIPSE,7.945,-0.478,12.44,15.8,0.0,1859.5,2.14,False
932,True,ECLIPSE,7.906,-0.418,12.43,16.02,0.0,1832.6,1.06,False
933,True,ECLIPSE,7.884,-0.424,12.37,15.81,0.025,1864.8,1.55,False
934,True,ECLIPSE,7.883,-0.435,12.23,16.79,0.0,1829.2,1.15,False
935,True,ECLIPSE,7.852,-0.474,12.13,15.53,0.0,1856.7,2.2,False
936,True,ECLIPSE,7.817,-0.447,11.84,15.73,0.0,1853.4,2.45,False
937,True,ECLIPSE,7.779,-0.455,11.94,15.35,0.019,1840.5,1.5,False
938,True,ECLIPSE,7.776,-0.448,11.64,14.61,0.024,1835.4,1.81,False
939,True,ECLIPSE,7.757,-0.454,11.37,14.65,0.0,1837.7,2.25,False
940,True,ECLIPSE,7.728,-0.44,11.31,14.78,0.008,1890.5,1.4,False
941,True,ECLIPSE,7.693,-0.458,11.23,14.11,0.014,1845.5,1.08,False
942,True,ECLIPSE,7.675,-0.433,11.27,13.89,0.0,1846.6,2.06,False
943,True,ECLIPSE,7.647,-0.445,11.07,13.75,0.007,1869.1,1.8,False
944,True,ECLIPSE,7.639,-0.456,10.81,12.92,0.0,1858.8,1.44,False
945,True,ECLIPSE,7.622,-0.452,10.72,12.9,0.0,1871.3,2.28,False
946,True,ECLIPSE,7.602,-0.459,10.6,13.01,0.0,1827.4,1.66,False
947,True,ECLIPSE,7.561,-0.434,10.73,12.84,0.001,1830.5,0.66,False
948,True,ECLIPSE,7.548,-0.455,10.19,12.18,0.001,1916.3,1.72,False
949,True,ECLIPSE,7.528,-0.444,10.21,12.13,0.0,1851.7,1.52,False
950,False,NOMINAL,8.295,0.342,15.11,19.96,0.891,1847.6,2.49,False
951,False,NOMINAL,8.299,0.32,14.86,19.95,0.922,1857.0,1.54,False
952,False,NOMINAL,8.321,0.368,15.03,20.2,0.904,1873.9,1.44,False
953,False,NOMINAL,8.302,0.329,15.02,20.03,0.918,1832.7,1.76,False
954,False,NOMINAL,8.309,0.364,14.93,20.05,0.924,1862.2,1.67,False
955,False,NOMINAL,8.296,0.358,15.09,19.58,0.912,1857.3,0.84,False
956,False,NOMINAL,8.3,0.317,15.15,19.68,0.945,1872.0,1.61,False
957,False,NOMINAL,8.283,0.331,15.17,20.09,0.883,1863.7,1.38,False
958,False,NOMINAL,8.3,0.34,14.97,19.52,0.916,1851.4,2.25,False
959,False,NOMINAL,8.312,0.334,15.03,20.08,0.894,1846.4,2.75,False
960,False,NOMINAL,8.321,0.326,15.35,19.8,0.937,1817.7,0.99,False
961,False,NOMINAL,8.312,0.365,14.83,19.75,0.934,1885.2,1.06,False
962,False,NOMINAL,8.307,0.345,15.03,20.19,0.861,1839.7,1.12,False
963,False,NOMINAL,8.301,0.358,15.13,19.79,0.881,1862.1,1.22,False
964,False,NOMINAL,8.294,0.341,15.02,19.74,0.913,1903.8,1.2,False
965,False,NOMINAL,8.298,0.356,15.1,19.79,0.916,1865.6,1.57,False
966,False,NOMINAL,8.306,0.335,15.03,20.01,0.915,1887.5,2.09,False
967,False,NOMINAL,8.292,0.349,15.11,20.81,0.899,1873.8,0.9,False
968,False,NOMINAL,8.309,0.362,15.19,19.36,0.909,1893.5,0.78,False
969,False,NOMINAL,8.29,0.351,14.97,19.99,0.913,1882.9,0.63,False
970,False,NOMINAL,8.282,0.341,15.03,19.92,0.898,1874.8,2.1,False
971,False,NOMINAL,8.29,0.328,14.99,20.28,0.921,1913.1,2.21,False
972,False,NOMINAL,8.283,0.353,14.94,19.88,0.855,1884.4,0.78,False
973,False,NOMINAL,8.286,0.357,15.0,19.26,0.913,1866.3,0.73,False
974,False,NOMINAL,8.311,0.345,14.83,20.39,0.879,1888.4,1.61,False
975,False,NOMINAL,8.298,0.335,15.11,19.67,0.919,1907.8,2.09,False
976,False,NOMINAL,8.302,0.361,15.26,19.98,0.895,1878.8,2.05,False
977,False,NOMINAL,8.312,0.4,15.26,19.59,0.882,1918.1,1.64,False
978,False,NOMINAL,8.313,0.344,15.19,19.67,0.907,1920.6,1.89,False
979,False,NOMINAL,8.295,0.357,14.86,19.85,0.882,1949.6,1.71,False
980,False,NOMINAL,8.313,0.358,15.23,20.25,0.882,1899.5,1.27,False
981,False,NOMINAL,8.304,0.299,14.89,20.24,0.869,1927.6,2.5,False
982,False,NOMINAL,8.3,0.352,14.99,19.82,0.899,1885.9,1.55,False
983,False,NOMINAL,8.304,0.336,15.28,20.14,0.91,1913.1,0.99,False
984,False,NOMINAL,8.286,0.378,14.84,19.88,0.92,1926.3,1.31,False
985,False,NOMINAL,8.292,0.345,15.13,20.03,0.897,1935.4,0.78,False
986,False,NOMINAL,8.299,0.334,15.04,20.04,0.921,1929.8,1.56,False
987,False,NOMINAL,8.306,0.346,14.98,20.18,0.9,1932.5,2.1,False
988,False,NOMINAL,8.296,0.353,14.87,19.81,0.898,1925.8,0.91,False
989,False,NOMINAL,8.299,0.339,15.06,19.95,0.911,1932.5,2.11,False
990,False,NOMINAL,8.31,0.349,14.93,20.06,0.921,1950.4,2.59,False
991,False,NOMINAL,8.314,0.323,15.16,20.02,0.893,1958.7,1.74,False
992,False,NOMINAL,8.308,0.345,15.18,19.75,0.895,1963.8,0.97,False
993,False,NOMINAL,8.313,0.366,14.79,20.51,0.897,1974.2,1.12,False
994,False,NOMINAL,8.296,0.389,14.92,19.85,0.902,1981.5,1.38,False
995,False,NOMINAL,8.297,0.364,14.95,20.22,0.882,1927.7,0.91,False
996,False,NOMINAL,8.303,0.355,14.82,20.05,0.921,1955.9,0.92,False
997,False,NOMINAL,8.297,0.374,14.83,20.36,0.892,1966.5,1.42,False
998,False,NOMINAL,8.295,0.37,15.01,19.34,0.909,1960.9,1.46,False
999,False,NOMINAL,8.317,0.383,14.97,20.6,0.883,1997.0,1.85,False
1000,False,COMM,8.298,0.372,14.75,19.93,0.907,1995.0,0.95,True
1001,False,COMM,8.29,0.348,14.92,19.62,0.908,1982.3,2.48,True
1002,False,COMM,8.305,0.355,15.08,20.03,0.892,1990.4,2.08,True
1003,False,COMM,8.318,0.354,14.82,20.66,0.94,2016.1,1.99,True
1004,False,COMM,8.301,0.356,14.86,20.14,0.907,1988.9,1.22,True
1005,False,COMM,8.312,0.354,15.24,19.62,0.936,1993.3,2.42,True
1006,False,COMM,8.296,0.334,15.2,19.85,0.919,2020.5,1.38,True
1007,False,COMM,8.295,0.308,14.76,20.39,0.887,2015.9,2.46,True
1008,False,COMM,8.293,0.337,14.8,19.57,0.892,2037.8,2.08,True
1009,False,NOMINAL,8.299,0.309,15.06,19.94,0.909,2021.4,1.1,False
1010,True,ECLIPSE,8.318,-0.449,14.82,19.9,0.001,2032.4,1.32,False
1011,True,ECLIPSE,8.266,-0.45,14.82,20.41,0.001,2011.3,2.48,False
1012,True,ECLIPSE,8.271,-0.484,14.65,19.45,0.0,2007.5,2.05,False
1013,True,ECLIPSE,8.221,-0.436,14.66,19.7,0.0,2029.0,1.47,False
1014,True,ECLIPSE,8.206,-0.433,14.05,18.87,0.0,1982.0,1.65,False
1015,True,ECLIPSE,8.194,-0.448,13.96,18.61,0.0,2044.3,1.65,False
1016,True,ECLIPSE,8.169,-0.417,13.96,18.92,0.007,2058.7,1.16,False
1017,True,ECLIPSE,8.143,-0.413,14.15,18.58,0.0,2045.2,1.45,False
1018,True,ECLIPSE,8.101,-0.474,13.83,17.65,0.0,2043.1,1.22,False
1019,True,ECLIPSE,8.098,-0.429,13.46,18.12,0.0,2071.7,1.33,False
1020,True,ECLIPSE,8.061,-0.441,13.65,17.9,0.005,2053.6,1.78,False
1021,True,ECLIPSE,8.074,-0.442,13.53,17.29,0.0,2076.6,1.07,False
1022,True,ECLIPSE,8.024,-0.431,13.25,17.31,0.0,2103.3,1.91,False
1023,True,ECLIPSE,8.005,-0.464,13.09,17.1,0.0,2078.6,1.6,False
1024,True,ECLIPSE,7.969,-0.462,13.07,16.65,0.0,2086.1,1.93,False
1025,True,ECLIPSE,7.952,-0.467,13.04,16.39,0.0,2080.9,1.99,False
1026,True,ECLIPSE,7.921,-0.465,12.74,16.13,0.032,2079.5,2.17,False
1027,True,ECLIPSE,7.921,-0.452,12.65,16.02,0.0,2083.2,1.86,False
1028,True,ECLIPSE,7.886,-0.479,12.42,15.48,0.013,2082.4,1.9,False
1029,True,ECLIPSE,7.871,-0.471,12.23,15.63,0.0,2105.0,1.46,False
1030,True,ECLIPSE,7.836,-0.438,12.01,14.97,0.006,2056.5,1.83,False
1031,True,ECLIPSE,7.815,-0.451,12.04,15.21,0.0,2085.3,1.1,False
1032,True,ECLIPSE,7.81,-0.442,11.81,14.94,0.0,2105.9,1.42,False
1033,True,ECLIPSE,7.765,-0.488,11.68,14.42,0.011,2080.1,1.92,False
1034,True,ECLIPSE,7.733,-0.466,11.71,14.76,0.035,2097.1,1.52,False
1035,True,ECLIPSE,7.733,-0.461,11.5,14.85,0.004,2088.6,1.77,False
1036,True,ECLIPSE,7.694,-0.449,11.42,14.44,0.002,2113.1,1.02,False
1037,True,ECLIPSE,7.678,-0.462,10.91,13.41,0.0,2123.9,2.23,False
1038,True,ECLIPSE,7.669,-0.431,11.08,13.97,0.012,2137.7,1.26,False
1039,True,ECLIPSE,7.629,-0.451,10.77,13.43,0.0,2122.1,1.75,False
1040,True,ECLIPSE,7.623,-0.45,10.59,13.12,0.017,2101.2,1.54,False
1041,True,ECLIPSE,7.585,-0.45,10.44,12.73,0.0,2122.1,2.01,False
1042,True,ECLIPSE,7.583,-0.436,10.61,12.67,0.035,2130.5,1.36,False
1043,True,ECLIPSE,7.559,-0.459,10.41,12.86,0.0,2148.8,1.05,False
1044,True,ECLIPSE,7.518,-0.428,10.04,12.38,0.0,2083.0,0.6,False
1045,False,NOMINAL,8.298,0.359,14.83,19.87,0.918,2133.2,1.39,False
1046,False,NOMINAL,8.292,0.353,15.0,19.79,0.893,2093.2,0.95,False
1047,False,NOMINAL,8.302,0.351,14.93,19.87,0.884,2143.7,1.82,False
1048,False,NOMINAL,8.311,0.36,15.25,20.16,0.895,2140.4,2.27,False
1049,False,NOMINAL,8.286,0.37,14.78,20.55,0.872,2143.2,0.43,False
1050,False,NOMINAL,8.309,0.369,14.73,19.67,0.902,2152.3,0.9,False
1051,False,NOMINAL,8.287,0.358,14.96,19.99,0.949,2144.3,1.7,False
1052,False,NOMINAL,8.291,0.368,15.0,19.88,0.923,2126.1,2.17,False
1053,False,NOMINAL,8.282,0.352,15.02,19.77,0.878,2146.6,1.7,False
1054,False,NOMINAL,8.321,0.375,15.11,20.11,0.883,2164.2,1.71,False
1055,False,NOMINAL,8.301,0.349,15.31,20.15,0.892,2140.3,1.8,False
1056,False,NOMINAL,8.302,0.308,14.95,19.57,0.92,2144.2,1.84,False
1057,False,NOMINAL,8.293,0.377,14.92,19.68,0.884,2121.6,2.37,False
1058,False,NOMINAL,8.311,0.352,14.74,20.35,0.886,2167.9,1.85,False
1059,False,NOMINAL,8.279,0.327,15.04,20.08,0.918,2137.0,0.93,False
1060,False,NOMINAL,8.3,0.346,15.13,20.14,0.917,2133.2,1.31,False
1061,False,NOMINAL,8.322,0.332,14.96,19.84,0.893,2139.6,1.65,False
1062,False,NOMINAL,8.296,0.392,15.18,19.88,0.878,2132.3,1.14,False
1063,False,NOMINAL,8.3,0.36,15.0,20.13,0.869,2144.5,1.42,False
1064,False,NOMINAL,8.307,0.319,15.23,19.84,0.886,2174.1,1.28,False
1065,False,NOMINAL,8.292,0.361,15.05,19.66,0.855,2165.2,1.2,False
1066,False,NOMINAL,8.3,0.342,14.84,19.99,0.915,2177.5,1.9,False
1067,False,NOMINAL,8.31,0.388,14.9,20.26,0.887,2178.9,1.35,False
1068,False,NOMINAL,8.302,0.329,14.77,19.68,0.91,2133.4,1.0,False
1069,False,NOMINAL,8.304,0.305,14.74,20.3,0.937,2159.7,1.19,False
1070,False,NOMINAL,8.297,0.351,15.04,20.2,0.923,2179.0,1.57,False
1071,False,NOMINAL,8.303,0.343,15.13,19.73,0.877,2194.0,2.61,False
1072,False,NOMINAL,8.301,0.342,15.29,19.99,0.917,2122.8,1.68,False
1073,False,NOMINAL,8.315,0.307,14.99,19.98,0.923,2122.2,2.29,False
1074,False,NOMINAL,8.307,0.359,14.96,20.18,0.885,2157.9,1.8,False
1075,False,NOMINAL,8.298,0.383,14.83,20.19,0.881,2141.9,0.47,False
1076,False,NOMINAL,8.276,0.312,15.15,19.6,0.898,2128.7,1.74,False
1077,False,NOMINAL,8.307,0.373,15.06,19.59,0.868,2154.1,1.12,False
1078,False,NOMINAL,8.308,0.339,14.91,20.3,0.929,2130.9,0.87,False
1079,False,NOMINAL,8.291,0.397,15.1,20.02,0.852,2101.7,1.01,False
1080,False,NOMINAL,8.28,0.359,15.08,20.11,0.878,2143.5,2.45,False
1081,False,NOMINAL,8.289,0.346,14.72,20.09,0.895,2145.2,0.75,False
1082,False,NOMINAL,8.309,0.372,15.11,20.44,0.895,2153.7,1.24,False
1083,False,NOMINAL,8.289,0.361,15.02,19.63,0.903,2158.2,2.13,False
1084,False,NOMINAL,8.295,0.338,14.94,20.31,0.905,2142.3,1.88,False
1085,False,NOMINAL,8.302,0.364,14.94,19.75,0.896,2132.8,0.69,False
1086,False,NOMINAL,8.312,0.34,15.26,20.21,0.923,2123.1,1.49,False
1087,False,NOMINAL,8.3,0.314,15.23,20.39,0.857,2102.7,1.29,False
1088,False,NOMINAL,8.299,0.391,15.27,19.58,0.9,2124.0,1.45,False
1089,False,NOMINAL,8.295,0.343,14.83,20.11,0.886,2149.6,1.92,False
1090,False,NOMINAL,8.316,0.338,14.9,19.91,0.903,2141.1,1.26,False
1091,False,NOMINAL,8.311,0.357,15.14,19.9,0.904,2165.8,1.39,False
1092,False,NOMINAL,8.299,0.319,14.82,20.0,0.882,2121.6,2.28,False
1093,False,NOMINAL,8.286,0.323,14.89,19.68,0.887,2088.3,0.62,False
1094,False,NOMINAL,8.292,0.34,14.73,19.7,0.916,2136.0,1.36,False
1095,False,NOMINAL,8.306,0.34,15.28,20.18,0.907,2137.7,1.78,False
1096,False,NOMINAL,8.293,0.351,15.16,20.24,0.886,2093.2,0.92,False
1097,False,NOMINAL,8.309,0.372,15.07,19.82,0.941,2082.3,1.23,False
1098,False,NOMINAL,8.304,0.341,15.03,19.56,0.946,2113.5,0.88,False
1099,False,NOMINAL,8.303,0.36,14.94,20.68,0.871,2121.5,1.62,False
1100,False,NOMINAL,8.307,0.362,14.94,20.32,0.906,2083.9,1.23,False
1101,False,NOMINAL,8.305,0.328,15.09,20.1,0.95,2096.1,1.94,False
1102,False,NOMINAL,8.291,0.355,14.89,19.68,0.916,2085.0,2.06,False
1103,False,NOMINAL,8.297,0.331,15.18,19.82,0.904,2074.4,1.57,False
1104,False,NOMINAL,8.323,0.371,14.93,20.06,0.896,2068.9,1.35,False
1105,True,ECLIPSE,8.288,-0.441,14.87,19.71,0.0,2093.8,1.68,False
1106,True,ECLIPSE,8.272,-0.45,15.05,20.24,0.0,2081.0,1.57,False
1107,True,ECLIPSE,8.265,-0.477,14.69,19.57,0.0,2072.2,0.93,False
1108,True,ECLIPSE,8.23,-0.448,14.65,19.42,0.015,2032.1,2.09,False
1109,True,ECLIPSE,8.2,-0.465,14.37,18.77,0.0,2112.1,1.66,False
1110,True,ECLIPSE,8.172,-0.436,13.95,18.58,0.0,2057.4,1.94,False
1111,True,ECLIPSE,8.168,-0.452,14.22,18.38,0.0,2069.6,0.86,False
1112,True,ECLIPSE,8.15,-0.466,13.8,18.47,0.0,2047.1,1.99,False
1113,True,ECLIPSE,8.131,-0.431,14.02,18.08,0.0,2072.7,2.61,False
1114,True,ECLIPSE,8.095,-0.436,13.48,17.85,0.0,2033.3,1.86,False
1115,True,ECLIPSE,8.082,-0.462,13.29,17.8,0.021,2060.4,0.81,False
1116,True,ECLIPSE,8.038,-0.427,13.47,17.54,0.007,2051.6,1.56,False
1117,True,ECLIPSE,8.027,-0.456,13.35,17.69,0.01,2069.2,1.52,False
1118,True,ECLIPSE,7.996,-0.456,13.16,16.96,0.007,2027.2,1.65,False
1119,True,ECLIPSE,7.982,-0.448,12.82,16.49,0.001,2032.2,1.43,False
1120,True,ECLIPSE,7.965,-0.465,12.99,16.56,0.0,2036.4,1.79,False
1121,True,ECLIPSE,7.945,-0.459,12.49,16.77,0.0,2077.3,1.31,False
1122,True,ECLIPSE,7.902,-0.453,12.5,15.94,0.015,2005.5,1.66,False
1123,True,ECLIPSE,7.901,-0.419,12.31,15.89,0.0,2035.5,1.2,False
1124,True,ECLIPSE,7.861,-0.42,12.23,15.54,0.027,2013.8,1.59,False
1125,True,ECLIPSE,7.833,-0.455,12.27,15.54,0.001,2028.5,2.05,False
1126,True,ECLIPSE,7.818,-0.418,11.9,15.27,0.0,2031.3,1.3,False
1127,True,ECLIPSE,7.783,-0.451,11.94,14.72,0.0,2017.8,1.88,False
1128,True,ECLIPSE,7.774,-0.442,11.82,14.67,0.0,2016.4,1.1,False
1129,True,ECLIPSE,7.754,-0.432,11.31,14.78,0.003,2013.0,1.36,False
1130,True,ECLIPSE,7.727,-0.444,11.25,14.6,0.0,1992.7,1.42,False
1131,True,ECLIPSE,7.711,-0.402,11.23,14.32,0.023,1996.0,2.17,False
1132,True,ECLIPSE,7.68,-0.445,11.05,14.07,0.0,1964.7,1.16,False
1133,True,ECLIPSE,7.66,-0.474,11.05,13.49,0.0,1985.9,2.16,False
1134,True,ECLIPSE,7.623,-0.424,10.57,13.25,0.0,1974.2,0.8,False
1135,True,ECLIPSE,7.615,-0.458,10.82,13.41,0.0,1980.3,1.46,False
1136,True,ECLIPSE,7.583,-0.456,10.68,12.56,0.0,1995.5,2.0,False
1137,True,ECLIPSE,7.564,-0.51,10.4,12.66,0.021,1985.0,1.89,False
1138,True,ECLIPSE,7.545,-0.43,10.08,11.9,0.013,1983.0,1.03,False
1139,True,ECLIPSE,7.525,-0.434,10.14,12.11,0.0,1991.4,0.93,False
1140,False,NOMINAL,8.284,0.366,14.92,19.78,0.885,1921.1,1.99,False
1141,False,NOMINAL,8.284,0.37,15.08,19.63,0.936,1971.2,0.91,False
1142,False,NOMINAL,8.297,0.384,14.99,20.16,0.906,1958.9,1.84,False
1143,False,NOMINAL,8.305,0.349,15.11,19.77,0.9,1953.9,1.28,False
1144,False,NOMINAL,8.304,0.369,14.94,19.88,0.921,1927.2,1.54,False
1145,False,NOMINAL,8.309,0.335,15.22,19.91,0.949,1959.1,2.71,False
1146,False,NOMINAL,8.313,0.343,14.65,19.77,0.926,1967.0,2.33,False
1147,False,NOMINAL,8.305,0.371,14.85,20.41,0.903,1961.3,1.97,False
1148,False,NOMINAL,8.3,0.358,15.07,19.84,0.907,1936.6,0.85,False
1149,False,NOMINAL,8.29,0.323,14.77,20.05,0.912,1947.0,1.7,False
1150,False,NOMINAL,8.291,0.357,15.11,19.61,0.888,1949.0,1.57,False
1151,False,NOMINAL,8.295,0.346,14.82,19.85,0.879,1962.9,1.49,False
1152,False,NOMINAL,8.303,0.334,15.01,19.89,0.901,1948.3,2.22,False
1153,False,NOMINAL,8.302,0.359,14.86,19.9,0.881,1924.3,0.67,False
1154,False,NOMINAL,8.3,0.342,14.93,19.82,0.899,1920.3,1.7,False
1155,False,NOMINAL,8.298,0.319,15.03,20.03,0.902,1918.5,1.61,False
1156,False,NOMINAL,8.306,0.328,14.98,20.45,0.947,1916.6,1.16,False
1157,False,NOMINAL,8.302,0.385,14.94,19.95,0.883,1899.8,2.41,False
1158,False,NOMINAL,8.303,0.32,15.32,19.95,0.898,1921.0,0.9,False
1159,False,NOMINAL,8.303,0.354,15.0,19.88,0.897,1890.2,1.56,False
1160,False,NOMINAL,8.295,0.362,14.85,20.74,0.909,1885.3,1.58,False
1161,False,NOMINAL,8.29,0.363,15.14,20.47,0.921,1904.6,0.43,False
1162,False,NOMINAL,8.305,0.325,15.12,20.15,0.89,1884.1,0.82,False
1163,False,NOMINAL,8.304,0.344,15.18,20.2,0.884,1887.8,1.05,False
1164,False,NOMINAL,8.298,0.353,15.27,19.78,0.867,1850.2,1.94,False
1165,False,NOMINAL,8.296,0.366,14.86,19.95,0.881,1902.5,2.02,False
1166,False,NOMINAL,8.323,0.337,15.16,20.05,0.911,1884.8,1.84,False
1167,False,NOMINAL,8.292,0.327,15.17,20.03,0.901,1880.1,1.66,False
1168,False,NOMINAL,8.298,0.37,15.0,19.74,0.88,1889.1,0.43,False
1169,False,NOMINAL,8.303,0.372,15.04,19.76,0.893,1882.0,1.65,False
1170,False,NOMINAL,8.288,0.357,14.55,20.14,0.901,1862.5,1.28,False
1171,False,NOMINAL,8.301,0.338,14.91,20.08,0.91,1912.1,2.13,False
1172,False,NOMINAL,8.318,0.358,15.27,19.37,0.888,1863.2,2.22,False
1173,False,NOMINAL,8.309,0.352,14.73,20.02,0.895,1888.5,2.67,False
1174,False,NOMINAL,8.306,0.367,14.92,20.36,0.864,1903.0,1.9,False
1175,False,NOMINAL,8.306,0.325,15.04,19.8,0.877,1854.5,1.95,False
1176,False,NOMINAL,8.301,0.352,15.09,20.06,0.932,1866.5,1.02,False
1177,False,NOMINAL,8.31,0.347,15.24,19.56,0.856,1847.5,1.58,False
1178,False,NOMINAL,8.298,0.328,14.74,20.24,0.893,1881.7,0.91,False
1179,False,NOMINAL,8.296,0.354,15.01,19.66,0.904,1853.8,1.99,False
1180,False,NOMINAL,8.301,0.351,15.13,19.62,0.893,1837.9,0.94,False
1181,False,NOMINAL,8.309,0.342,14.8,19.9,0.884,1882.8,1.43,False
1182,False,NOMINAL,8.303,0.358,14.99,20.69,0.899,1874.1,1.12,False
1183,False,NOMINAL,8.307,0.322,15.28,19.81,0.9,1838.5,1.3,False
1184,False,NOMINAL,8.28,0.349,15.2,19.62,0.898,1877.1,1.77,False
1185,False,NOMINAL,8.312,0.359,15.08,20.13,0.862,1857.4,1.25,False
1186,False,NOMINAL,8.323,0.356,14.61,20.06,0.897,1904.7,1.65,False
1187,False,NOMINAL,8.313,0.372,14.98,20.48,0.883,1885.0,1.03,False
1188,False,NOMINAL,8.297,0.326,15.06,19.62,0.889,1841.0,2.25,False
1189,False,NOMINAL,8.292,0.32,14.95,19.52,0.905,1846.0,1.21,False
1190,False,NOMINAL,8.303,0.355,14.99,19.9,0.913,1834.0,2.05,False
1191,False,NOMINAL,8.29,0.359,15.46,20.1,0.918,1853.0,2.62,False
1192,False,NOMINAL,8.307,0.392,14.97,20.1,0.89,1851.1,0.3,False
1193,False,NOMINAL,8.295,0.362,14.85,20.31,0.918,1864.1,1.04,False
1194,False,NOMINAL,8.31,0.333,15.04,19.55,0.923,1851.7,1.43,False
1195,False,NOMINAL,8.314,0.366,14.95,19.75,0.923,1822.0,2.13,False
1196,False,NOMINAL,8.28,0.333,14.95,19.95,0.928,1834.8,1.29,False
1197,False,NOMINAL,8.303,0.32,14.99,20.24,0.897,1877.5,1.73,False
1198,False,NOMINAL,8.293,0.402,15.12,20.13,0.897,1872.9,1.17,False
1199,False,NOMINAL,8.286,0.357,15.04,19.87,0.917,1848.2,1.82,False
1200,True,ECLIPSE,8.294,-0.436,14.82,19.69,0.0,1849.2,0.92,False
1201,True,ECLIPSE,8.275,-0.439,14.84,20.02,0.004,1849.2,1.96,False
1202,True,ECLIPSE,8.265,-0.414,14.79,19.81,0.0,1853.6,0.02,False
1203,True,ECLIPSE,8.216,-0.444,14.5,20.1,0.0,1821.9,0.58,False
1204,True,ECLIPSE,8.219,-0.426,14.6,19.02,0.0,1871.9,2.46,False
1205,True,ECLIPSE,8.206,-0.471,14.4,19.33,0.0,1843.3,1.62,False
1206,True,ECLIPSE,8.169,-0.478,13.99,18.26,0.0,1859.7,1.08,False
1207,True,ECLIPSE,8.145,-0.421,14.05,18.23,0.018,1809.8,2.66,False
1208,True,ECLIPSE,8.117,-0.421,14.15,17.96,0.02,1863.8,2.07,False
1209,True,ECLIPSE,8.083,-0.44,13.95,17.8,0.0,1886.2,2.11,False
1210,True,ECLIPSE,8.077,-0.445,13.56,17.45,0.0,1819.5,1.32,False
1211,True,ECLIPSE,8.052,-0.447,13.56,17.32,0.0,1892.7,1.85,False
1212,True,ECLIPSE,8.033,-0.464,13.18,17.23,0.008,1874.3,1.79,False
1213,True,ECLIPSE,8.029,-0.419,12.93,16.89,0.0,1853.0,0.69,False
1214,True,ECLIPSE,7.987,-0.437,13.08,16.99,0.012,1838.4,1.84,False
1215,True,ECLIPSE,7.961,-0.44,12.89,16.54,0.035,1892.8,1.44,False
1216,True,ECLIPSE,7.95,-0.442,12.79,16.33,0.0,1877.5,2.19,False
1217,True,ECLIPSE,7.898,-0.429,12.57,16.54,0.0,1885.8,2.2,False
1218,True,ECLIPSE,7.877,-0.44,12.48,15.97,0.0,1871.4,1.21,False
1219,True,ECLIPSE,7.862,-0.435,12.21,15.69,0.0,1863.6,1.23,False
1220,True,ECLIPSE,7.836,-0.473,12.21,15.41,0.0,1897.7,1.63,False
1221,True,ECLIPSE,7.827,-0.44,12.12,15.21,0.026,1865.1,1.87,False
1222,True,ECLIPSE,7.794,-0.406,11.85,15.13,0.005,1903.0,1.33,False
1223,True,ECLIPSE,7.792,-0.46,11.84,14.5,0.0,1856.3,1.48,False
1224,True,ECLIPSE,7.767,-0.453,11.31,14.84,0.013,1873.1,1.85,False
1225,True,ECLIPSE,7.736,-0.432,11.31,14.74,0.025,1865.6,1.75,False
1226,True,ECLIPSE,7.702,-0.431,11.5,14.39,0.0,1921.0,2.13,False
1227,True,ECLIPSE,7.689,-0.438,11.41,13.68,0.0,1865.3,1.66,False
1228,True,ECLIPSE,7.668,-0.482,11.04,13.12,0.0,1879.8,1.08,False
1229,True,ECLIPSE,7.626,-0.44,10.84,13.23,0.006,1917.0,0.64,False
1230,True,ECLIPSE,7.618,-0.474,10.52,13.18,0.013,1911.7,1.95,False
1231,True,ECLIPSE,7.598,-0.466,10.63,13.15,0.024,1952.2,1.36,False
1232,True,ECLIPSE,7.571,-0.439,10.55,12.62,0.024,1948.5,1.36,False
1233,True,ECLIPSE,7.561,-0.456,10.06,12.36,0.024,1928.2,1.39,False
1234,True,ECLIPSE,7.535,-0.434,10.23,12.67,0.027,1932.8,0.73,False
1235,False,NOMINAL,8.292,0.413,15.07,19.79,0.913,1887.9,1.33,False
1236,False,NOMINAL,8.301,0.366,15.07,20.3,0.869,1909.1,0.2,False
1237,False,NOMINAL,8.292,0.364,14.83,20.26,0.897,1923.0,1.33,False
1238,False,NOMINAL,8.306,0.332,15.08,19.6,0.906,1929.2,1.08,False
1239,False,NOMINAL,8.291,0.337,14.78,20.07,0.892,1909.7,2.47,False
1240,False,NOMINAL,8.309,0.329,15.22,19.83,0.918,1921.6,1.76,False
1241,False,NOMINAL,8.304,0.339,15.02,19.71,0.893,1926.6,1.42,False
1242,False,NOMINAL,8.31,0.328,14.83,19.45,0.881,1966.6,1.62,False
1243,False,NOMINAL,8.299,0.337,15.2,19.53,0.929,1958.0,1.91,False
1244,False,NOMINAL,8.285,0.346,15.17,20.11,0.913,1947.0,1.15,False
1245,False,NOMINAL,8.318,0.33,14.9,19.88,0.904,1951.7,1.42,False
1246,False,NOMINAL,8.298,0.322,15.33,20.07,0.919,1966.1,1.35,False
1247,False,NOMINAL,8.314,0.323,14.85,19.68,0.921,1950.9,2.81,False
1248,False,NOMINAL,8.304,0.359,15.05,19.9,0.907,1962.8,1.57,False
1249,False,NOMINAL,8.307,0.351,15.18,19.91,0.851,1938.6,0.53,False
1250,False,NOMINAL,8.318,0.371,14.66,19.54,0.886,1988.0,1.94,False
1251,False,NOMINAL,8.303,0.371,15.15,19.5,0.891,1997.3,2.86,False
1252,False,NOMINAL,8.314,0.343,14.99,20.12,0.88,1989.6,1.04,False
1253,False,NOMINAL,8.285,0.363,15.0,20.03,0.904,1995.5,3.32,False
1254,False,NOMINAL,8.309,0.321,14.84,19.72,0.924,1997.1,1.5,False
1255,False,NOMINAL,8.298,0.396,15.05,19.96,0.89,2032.9,2.05,False
1256,False,NOMINAL,8.299,0.374,14.83,20.19,0.877,2001.5,1.24,False
1257,False,NOMINAL,8.3,0.346,14.85,20.53,0.941,1976.0,1.39,False
1258,False,NOMINAL,8.303,0.327,14.93,19.73,0.891,1985.0,0.9,False
1259,False,NOMINAL,8.317,0.358,14.82,20.17,0.875,2022.5,0.99,False
1260,False,NOMINAL,8.281,0.313,15.24,20.61,0.905,2033.0,0.43,False
1261,False,NOMINAL,8.3,0.334,14.8,20.01,0.909,2031.1,2.12,False
1262,False,NOMINAL,8.293,0.365,14.89,20.42,0.886,2036.1,0.94,False
1263,False,NOMINAL,8.312,0.352,14.95,19.23,0.916,2027.3,1.72,False
1264,False,NOMINAL,8.296,0.34,15.0,20.42,0.89,1998.9,1.7,False
1265,False,NOMINAL,8.305,0.369,15.12,19.99,0.882,2017.5,1.2,False
1266,False,NOMINAL,8.296,0.329,15.12,19.44,0.904,2000.1,1.56,False
1267,False,NOMINAL,8.307,0.356,14.95,20.22,0.915,2031.0,1.48,False
1268,False,NOMINAL,8.31,0.34,14.94,20.3,0.887,2015.9,1.28,False
1269,False,NOMINAL,8.296,0.333,15.01,20.35,0.907,2047.4,1.56,False
1270,False,NOMINAL,8.3,0.359,15.12,20.34,0.898,2045.9,1.56,False
1271,False,NOMINAL,8.286,0.33,15.1,19.98,0.956,2015.3,1.01,False
1272,False,NOMINAL,8.303,0.388,14.92,19.77,0.886,2070.2,0.86,False
1273,False,NOMINAL,8.309,0.338,14.69,19.86,0.928,2074.2,1.09,False
1274,False,NOMINAL,8.294,0.39,15.32,19.98,0.899,2036.4,1.59,False
1275,False,NOMINAL,8.311,0.328,15.14,20.11,0.897,2069.2,2.24,False
1276,False,NOMINAL,8.279,0.362,15.04,19.85,0.914,2083.5,2.29,False
1277,False,NOMINAL,8.281,0.326,15.05,20.01,0.918,2067.4,1.69,False
1278,False,NOMINAL,8.286,0.323,14.92,20.25,0.925,2092.7,2.02,False
1279,False,NOMINAL,8.295,0.353,14.85,20.09,0.907,2083.1,1.59,False
1280,False,NOMINAL,8.3,0.364,14.95,20.67,0.888,2103.2,2.1,False
1281,False,NOMINAL,8.299,0.325,14.97,20.63,0.889,2089.3,1.6,False
1282,False,NOMINAL,8.299,0.374,14.91,19.65,0.91,2085.6,1.73,False
1283,False,NOMINAL,8.307,0.334,14.78,19.82,0.912,2101.5,1.38,False
1284,False,NOMINAL,8.295,0.353,14.95,19.61,0.928,2109.7,1.53,False
1285,False,NOMINAL,8.287,0.358,15.09,19.65,0.908,2102.3,2.51,False
1286,False,NOMINAL,8.288,0.362,14.93,20.15,0.921,2091.7,0.91,False
1287,False,NOMINAL,8.321,0.314,15.0,19.7,0.93,2087.9,1.53,False
1288,False,NOMINAL,8.276,0.382,14.69,19.68,0.903,2098.6,1.22,False
1289,False,NOMINAL,8.298,0.361,14.97,19.91,0.87,2097.3,2.02,False
1290,False,NOMINAL,8.315,0.341,14.98,20.23,0.876,2114.8,2.47,False
1291,False,NOMINAL,8.305,0.33,14.82,19.89,0.871,2116.6,1.37,False
1292,False,NOMINAL,8.292,0.316,14.74,19.89,0.932,2114.1,0.1,False
1293,False,NOMINAL,8.3,0.323,15.06,20.26,0.883,2118.1,1.85,False
1294,False,NOMINAL,8.309,0.361,14.88,20.13,0.925,2123.7,1.85,False
1295,True,ECLIPSE,8.312,-0.457,15.07,20.13,0.012,2152.7,0.66,False
1296,True,ECLIPSE,8.268,-0.473,14.79,20.04,0.034,2147.8,1.4,False
1297,True,ECLIPSE,8.262,-0.461,14.81,19.24,0.02,2115.6,1.49,False
1298,True,ECLIPSE,8.234,-0.419,14.52,19.37,0.0,2136.8,0.33,False
1299,True,ECLIPSE,8.22,-0.457,14.2,18.89,0.0,2124.2,1.88,False
1300,True,COMM,8.2,-0.462,14.27,19.15,0.002,2130.4,1.76,True
1301,True,COMM,8.159,-0.423,14.09,18.86,0.004,2129.3,1.65,True
1302,True,COMM,8.126,-0.441,14.1,18.08,0.0,2123.6,0.98,True
1303,True,COMM,8.121,-0.449,13.79,18.56,0.0,2111.0,1.16,True
1304,True,COMM,8.112,-0.462,13.66,17.59,0.032,2091.2,1.2,True
1305,True,COMM,8.078,-0.481,13.7,18.05,0.0,2143.9,1.78,True
1306,True,COMM,8.051,-0.473,13.6,17.54,0.005,2164.1,1.02,True
1307,True,COMM,8.05,-0.46,13.4,16.99,0.0,2125.0,2.29,True
1308,True,COMM,7.992,-0.454,13.3,16.69,0.004,2153.3,1.72,True
1309,True,ECLIPSE,7.989,-0.443,13.07,16.7,0.017,2137.1,0.4,False
1310,True,ECLIPSE,7.951,-0.439,12.97,16.56,0.0,2150.9,2.4,False
1311,True,ECLIPSE,7.935,-0.446,12.85,16.12,0.015,2130.8,1.61,False
1312,True,ECLIPSE,7.912,-0.446,12.63,16.27,0.0,2142.6,1.24,False
1313,True,ECLIPSE,7.904,-0.47,12.44,15.46,0.022,2145.6,1.58,False
1314,True,ECLIPSE,7.856,-0.493,12.31,15.65,0.0,2102.4,0.58,False
1315,True,ECLIPSE,7.838,-0.46,12.5,15.42,0.012,2152.9,1.62,False
1316,True,ECLIPSE,7.804,-0.469,12.0,14.64,0.004,2146.4,0.25,False
1317,True,ECLIPSE,7.802,-0.463,11.82,15.05,0.0,2101.5,1.0,False
1318,True,ECLIPSE,7.77,-0.455,11.66,14.36,0.0,2162.1,2.23,False
1319,True,ECLIPSE,7.756,-0.475,11.57,13.77,0.004,2149.0,2.18,False
1320,True,ECLIPSE,7.718,-0.472,11.47,14.1,0.031,2153.5,1.35,False
1321,True,ECLIPSE,7.702,-0.452,11.12,13.98,0.006,2156.5,1.02,False
1322,True,ECLIPSE,7.693,-0.448,10.85,14.09,0.005,2141.3,2.01,False
1323,True,ECLIPSE,7.658,-0.463,11.04,13.45,0.0,2128.2,1.5,False
1324,True,ECLIPSE,7.643,-0.44,10.62,13.8,0.029,2140.0,1.63,False
1325,True,ECLIPSE,7.62,-0.454,10.75,13.56,0.036,2139.9,1.85,False
1326,True,ECLIPSE,7.588,-0.47,10.59,13.23,0.001,2190.5,0.97,False
1327,True,ECLIPSE,7.553,-0.449,10.6,13.07,0.0,2182.5,1.94,False
1328,True,ECLIPSE,7.556,-0.412,10.54,12.55,0.0,2136.7,0.42,False
1329,True,ECLIPSE,7.525,-0.463,10.2,12.06,0.018,2137.3,2.28,False
1330,False,NOMINAL,8.31,0.373,14.92,20.18,0.954,2150.6,0.71,False
1331,False,NOMINAL,8.28,0.378,14.82,20.28,0.914,2154.3,1.2,False
1332,False,NOMINAL,8.283,0.38,14.88,20.06,0.925,2128.8,1.18,False
1333,False,NOMINAL,8.279,0.334,15.01,19.92,0.911,2121.7,1.9,False
1334,False,NOMINAL,8.291,0.39,14.69,19.53,0.88,2177.1,1.91,False
1335,False,NOMINAL,8.31,0.352,15.01,20.19,0.927,2158.8,1.71,False
1336,False,NOMINAL,8.306,0.345,15.0,20.09,0.875,2106.8,1.8,False
1337,False,NOMINAL,8.3,0.345,15.1,19.61,0.896,2101.1,1.77,False
1338,False,NOMINAL,8.301,0.362,14.95,20.02,0.906,2117.7,1.48,False
1339,False,NOMINAL,8.308,0.351,15.02,20.2,0.918,2136.2,0.53,False
1340,False,NOMINAL,8.297,0.346,14.89,19.96,0.908,2140.8,0.32,False
1341,False,NOMINAL,8.304,0.376,14.93,20.22,0.908,2121.7,0.32,False
1342,False,NOMINAL,8.301,0.336,14.73,20.21,0.885,2095.0,1.5,False
1343,False,NOMINAL,8.278,0.329,15.02,19.55,0.874,2128.5,1.4,False
1344,False,NOMINAL,8.296,0.366,15.23,19.9,0.901,2133.8,1.45,False
1345,False,NOMINAL,8.314,0.364,15.02,20.13,0.886,2119.9,1.64,False
1346,False,NOMINAL,8.296,0.372,15.05,20.26,0.874,2108.0,1.4,False
1347,False,NOMINAL,8.299,0.329,14.85,20.41,0.875,2126.4,1.0,False
1348,False,NOMINAL,8.294,0.372,15.21,19.42,0.89,2111.8,0.74,False
1349,False,NOMINAL,8.295,0.36,14.88,19.97,0.863,2088.6,0.53,False
1350,False,NOMINAL,8.311,0.385,15.12,20.2,0.873,2109.6,2.15,False
1351,False,NOMINAL,8.297,0.325,15.02,20.35,0.867,2080.0,1.99,False
1352,False,NOMINAL,8.29,0.354,14.86,20.49,0.904,2121.2,0.81,False
1353,False,NOMINAL,8.269,0.344,15.15,19.71,0.908,2108.8,1.38,False
1354,False,NOMINAL,8.294,0.318,15.0,19.88,0.94,2077.6,1.75,False
1355,False,NOMINAL,8.28,0.336,15.03,19.68,0.87,2098.1,2.35,False
1356,False,NOMINAL,8.282,0.373,15.07,20.23,0.886,2115.4,1.2,False
1357,False,NOMINAL,8.308,0.341,15.0,19.6,0.918,2046.4,1.61,False
1358,False,NOMINAL,8.307,0.336,14.94,20.34,0.896,2082.3,2.12,False
1359,False,NOMINAL,8.281,0.367,15.07,20.27,0.893,2113.9,0.61,False
1360,False,NOMINAL,8.309,0.37,14.94,20.14,0.934,2048.6,1.13,False
1361,False,NOMINAL,8.305,0.37,15.01,19.35,0.893,2072.3,1.5,False
1362,False,NOMINAL,8.292,0.334,14.9,19.79,0.877,2044.6,1.14,False
1363,False,NOMINAL,8.307,0.349,14.78,20.21,0.874,2067.7,2.62,False
1364,False,NOMINAL,8.284,0.371,14.9,19.57,0.907,2018.9,1.97,False
1365,False,NOMINAL,8.288,0.337,14.93,19.92,0.906,2030.7,1.62,False
1366,False,NOMINAL,8.286,0.335,15.0,19.96,0.873,2048.4,1.02,False
1367,False,NOMINAL,8.289,0.367,15.18,20.25,0.88,2058.1,1.97,False
1368,False,NOMINAL,8.309,0.381,14.75,20.07,0.911,2059.3,1.85,False
1369,False,NOMINAL,8.287,0.327,15.02,20.07,0.912,2056.7,1.25,False
1370,False,NOMINAL,8.288,0.298,14.67,19.86,0.887,2067.2,1.29,False
1371,False,NOMINAL,8.29,0.321,14.84,19.99,0.912,2054.8,0.75,False
1372,False,NOMINAL,8.302,0.33,14.92,19.95,0.911,2052.0,1.48,False
1373,False,NOMINAL,8.297,0.347,14.66,20.21,0.864,2014.8,1.97,False
1374,False,NOMINAL,8.309,0.362,14.72,19.94,0.894,2027.2,2.04,False
1375,False,NOMINAL,8.293,0.347,15.02,20.3,0.908,2088.8,1.82,False
1376,False,NOMINAL,8.287,0.336,15.01,19.49,0.889,2067.2,1.95,False
1377,False,NOMINAL,8.295,0.353,14.98,20.35,0.857,2035.4,1.21,False
1378,False,NOMINAL,8.3,0.331,14.88,19.94,0.894,2030.0,1.27,False
1379,False,NOMINAL,8.291,0.349,15.32,20.33,0.915,2031.1,2.14,False
1380,False,NOMINAL,8.303,0.337,14.98,20.02,0.932,2000.1,1.75,False
1381,False,NOMINAL,8.318,0.404,14.87,20.24,0.856,2042.6,1.1,False
1382,False,NOMINAL,8.294,0.366,15.25,20.43,0.952,1993.2,1.78,False
1383,False,NOMINAL,8.3,0.333,15.09,19.83,0.877,1995.2,1.95,False
1384,False,NOMINAL,8.313,0.33,14.94,20.01,0.919,2035.7,1.88,False
1385,False,NOMINAL,8.293,0.341,15.18,19.94,0.925,1948.5,1.57,False
1386,False,NOMINAL,8.291,0.317,15.02,20.05,0.92,1992.6,1.24,False
1387,False,NOMINAL,8.289,0.335,15.1,19.51,0.903,1948.0,1.72,False
1388,False,NOMINAL,8.304,0.335,15.04,19.94,0.877,1965.3,2.4,False
1389,False,NOMINAL,8.305,0.368,14.85,19.92,0.913,1972.6,1.59,False
1390,True,ECLIPSE,8.298,-0.459,15.15,19.76,0.0,1963.8,1.17,False
1391,True,ECLIPSE,8.277,-0.466,14.88,19.7,0.0,1970.4,1.69,False
1392,True,ECLIPSE,8.267,-0.477,14.56,19.08,0.057,1948.3,0.87,False
1393,True,ECLIPSE,8.24,-0.474,14.46,19.72,0.014,1957.7,1.63,False
1394,True,ECLIPSE,8.194,-0.451,14.57,19.21,0.036,1932.8,1.36,False
1395,True,ECLIPSE,8.185,-0.454,14.23,19.41,0.0,1945.0,2.01,False
1396,True,ECLIPSE,8.164,-0.427,14.15,18.36,0.029,1921.7,1.57,False
1397,True,ECLIPSE,8.147,-0.463,14.1,18.04,0.032,1958.4,2.06,False
1398,True,ECLIPSE,8.115,-0.429,13.88,18.25,0.031,1916.6,2.71,False
1399,True,ECLIPSE,8.088,-0.445,13.49,17.44,0.0,1952.2,1.4,False
1400,True,ECLIPSE,8.067,-0.45,13.67,17.77,0.0,1927.0,1.08,False
1401,True,ECLIPSE,8.031,-0.49,13.57,17.27,0.0,1925.8,1.75,False
1402,True,ECLIPSE,8.025,-0.476,13.42,17.15,0.0,1951.7,1.47,False
1403,True,ECLIPSE,7.997,-0.435,13.39,17.09,0.0,1927.3,1.59,False
1404,True,ECLIPSE,7.984,-0.422,13.05,16.8,0.002,1884.6,1.2,False
1405,True,ECLIPSE,7.947,-0.446,12.97,17.11,0.0,1928.6,1.8,False
1406,True,ECLIPSE,7.93,-0.435,12.95,16.52,0.0,1858.4,1.55,False
1407,True,ECLIPSE,7.901,-0.458,12.53,15.72,0.0,1917.8,0.39,False
1408,True,ECLIPSE,7.878,-0.457,12.69,16.17,0.039,1901.6,1.39,False
1409,True,ECLIPSE,7.872,-0.463,12.55,15.25,0.026,1878.9,1.69,False
1410,True,ECLIPSE,7.838,-0.431,12.26,15.44,0.0,1905.2,2.13,False
1411,True,ECLIPSE,7.824,-0.443,12.28,14.82,0.024,1894.7,1.21,False
1412,True,ECLIPSE,7.786,-0.455,11.98,14.72,0.0,1937.6,1.09,False
1413,True,ECLIPSE,7.775,-0.457,11.58,15.12,0.0,1886.6,2.11,False
1414,True,ECLIPSE,7.734,-0.439,11.74,14.34,0.018,1931.0,1.19,False
1415,True,ECLIPSE,7.723,-0.444,11.48,14.08,0.0,1917.3,1.57,False
1416,True,ECLIPSE,7.7,-0.467,11.35,13.88,0.0,1875.4,1.76,False
1417,True,ECLIPSE,7.688,-0.416,11.17,13.73,0.0,1868.9,1.9,False
1418,True,ECLIPSE,7.661,-0.445,11.2,14.02,0.002,1908.7,1.52,False
1419,True,ECLIPSE,7.635,-0.45,10.94,13.01,0.033,1877.6,0.93,False
1420,True,ECLIPSE,7.622,-0.42,10.61,12.77,0.0,1881.2,2.04,False
1421,True,ECLIPSE,7.593,-0.43,10.64,13.08,0.005,1870.8,1.29,False
1422,True,ECLIPSE,7.574,-0.452,10.54,12.2,0.0,1849.8,1.24,False
1423,True,ECLIPSE,7.553,-0.439,10.18,12.34,0.0,1864.4,2.55,False
1424,True,ECLIPSE,7.522,-0.471,10.08,12.55,0.0,1850.8,1.97,False
1425,False,NOMINAL,8.297,0.337,14.94,19.99,0.929,1837.7,0.96,False
1426,False,NOMINAL,8.303,0.305,14.91,19.85,0.947,1860.4,1.26,False
1427,False,NOMINAL,8.295,0.374,15.05,19.78,0.91,1899.9,1.38,False
1428,False,NOMINAL,8.303,0.312,15.15,19.72,0.886,1895.0,1.12,False
1429,False,NOMINAL,8.311,0.364,15.28,19.81,0.914,1860.2,0.51,False
1430,False,NOMINAL,8.308,0.333,15.18,20.03,0.893,1862.7,1.93,False
1431,False,NOMINAL,8.296,0.33,15.15,20.36,0.916,1868.8,1.91,False
1432,False,NOMINAL,8.287,0.346,15.17,20.27,0.906,1884.4,1.64,False
1433,False,NOMINAL,8.299,0.355,15.2,19.82,0.906,1862.6,1.3,False
1434,False,NOMINAL,8.298,0.362,14.94,19.77,0.912,1845.7,1.62,False
1435,False,NOMINAL,8.311,0.385,15.1,20.19,0.888,1846.4,1.84,False
1436,False,NOMINAL,8.296,0.357,15.05,19.45,0.892,1875.8,0.97,False
1437,False,NOMINAL,8.297,0.368,14.98,19.86,0.866,1904.2,1.34,False
1438,False,NOMINAL,8.307,0.338,14.93,19.89,0.891,1839.3,1.22,False
1439,False,NOMINAL,8.295,0.364,14.92,19.66,0.872,1810.4,1.87,False
